t_s,low_state_age_s,tick_dt_s,tilt_deg,roll,pitch,gx,gy,gz,walking,gait_freq,gait_process,pub_hz,goal_x,goal_y,heading_err,q0,q1,q2,q3,q4,q5,q6,q7,q8,q9,q10,q11,dq0,dq1,dq2,dq3,dq4,dq5,dq6,dq7,dq8,dq9,dq10,dq11,tau0,tau1,tau2,tau3,tau4,tau5,tau6,tau7,tau8,tau9,tau10,tau11,act0,act1,act2,act3,act4,act5,act6,act7,act8,act9,act10,act11
30.037,0.00098403,0,2.0774,-0.018198,0.031361,0.0074789,0.069846,0.039895,1,2,0.04,184.6,0.6,0,0,-0.19551,-0.0078202,-0.0017166,0.39464,-0.25426,0.0028866,-0.19055,0.0070573,-0.0051499,0.3996,-0.22462,0.0032652,-0.056728,-0.011589,0.0049096,0.14943,-0.11066,0.039471,-0.043816,-0.01855,0.0085911,0.14228,-0.14255,0.038242,-0.069817,2.8755,-0.080513,-0.78527,2.5569,-0.82321,-1.4662,-2.7289,1.2077,-2.3558,-3.4307,-0.74656,-0.039731,-0.026428,0.027437,0.068704,-0.048062,-0.15835,0.036484,-0.033686,0.12901,-0.12558,-0.22155,-0.17093
30.049,0.0047191,0.011991,2.2147,-0.018228,0.034087,-0.0025648,0.1368,0.0053704,1,2,0.08,184.61,0.6,0,0,-0.19627,-0.0078202,-0.0017166,0.39807,-0.26019,0.0027223,-0.19207,0.0070573,-0.0055314,0.40494,-0.23361,0.0028143,-0.019254,-0.0023118,0.0016893,0.055024,-0.11366,-0.0093511,-0.05125,0.0058868,0.011512,0.079039,-0.070005,-0.047929,-0.76799,2.8022,0.37956,-0.84344,3.1992,-0.58571,-1.8851,-2.2605,1.0697,-2.2395,-3.4443,-0.63448,-0.084339,0.0049452,0.018832,0.33515,-0.1551,-0.052093,0.073042,-0.19216,0.1522,-0.14572,-0.24232,-0.22265
30.08,0.00094797,0.031068,2.509,-0.017968,0.039936,0.0090473,0.1967,-0.009259,1,2,0.116,184.6,0.6,0,0,-0.19741,-0.0078202,-0.0017166,0.39845,-0.26278,0.0023828,-0.19551,0.0070573,-0.0055314,0.40532,-0.23408,0.0027903,-0.038085,-0.0030872,0.00095806,-0.0032505,-0.085713,0.0066047,-0.10074,-0.0045357,0.0064881,0.015737,-0.013922,0.0075708,-1.1869,2.6557,0.28755,0.14542,3.9922,-0.30796,-0.76799,-1.7166,1.0697,-1.7741,-3.4251,-0.56692,-0.17209,0.03244,0.029309,0.44458,-0.2352,0.012575,0.073629,-0.20448,0.12171,-0.096155,-0.21914,-0.22577
30.105,0.0048881,0.025431,2.9793,-0.017024,0.049135,0.026803,0.1787,-0.057584,1,2,0.156,184.63,0.6,0,0,-0.19741,-0.0093462,-0.0024796,0.39845,-0.27267,0.0052588,-0.20085,0.0085832,-0.0055314,0.40761,-0.22898,0.0094688,0.015576,-0.033392,-0.029969,-0.008468,-0.5003,0.10601,-0.1237,0.047092,0.011912,0.11204,0.30549,0.34779,-0.90762,0.79883,0.21853,-0.49443,1.6426,-0.60224,1.1869,-0.66286,0.49458,-0.78527,-0.89186,-0.36692,-0.21547,0.036187,0.042382,0.47229,-0.25249,0.023593,0.070527,-0.19443,0.10993,-0.062427,-0.19794,-0.22
30.137,0.0010693,0.032058,3.0419,-0.017707,0.050054,-0.02377,0.033974,-0.058159,1,2,0.2,184.66,0.6,0,0,-0.20085,-0.0089647,-0.00019074,0.40913,-0.29838,-0.030679,-0.19856,0.0074388,0.0097276,0.41142,-0.23648,-0.022661,-0.27767,0.049204,0.12694,0.74485,-0.83937,-2.2705,0.30018,-0.063573,0.95856,0.009618,-0.89068,-2.483,-2.304,-0.016996,0.95465,5.6615,0.9914,-1.4,2.4436,-7.9022,5.6925,-8.3144,-6.4611,-4.3285,-0.22332,0.057488,0.049449,0.44931,-0.23023,0.016083,0.080016,-0.15172,0.086575,-0.026603,-0.13979,-0.20223
30.155,0.0015582,0.017922,2.8781,-0.017836,0.046961,-0.015923,-0.095116,0.0998,1,2,0.236,184.61,0.6,0,0,-0.22412,-0.0051499,0.0051499,0.4675,-0.32535,-0.075032,-0.1833,0.01545,0.03109,0.40684,-0.26036,-0.10926,-1.1817,0.19228,0.31539,3.1411,-1.2882,-1.7597,0.75394,0.45382,0.81858,-0.31159,-0.96833,-3.5423,-3.1418,0.96879,0.88564,9.9236,-1.3513,1.3364,3.5607,-17.007,8.4997,-10,-8.2754,-4.6522,-0.20293,0.048351,0.04652,0.37225,-0.21344,0.0081568,0.088783,-0.092162,0.085435,-0.032085,-0.14846,-0.19356
30.179,0.0010037,0.023488,2.4718,-0.016842,0.03972,0.031554,-0.29795,0.28052,1,2,0.276,184.57,0.6,0,0,-0.28058,0.0013352,0.016213,0.62123,-0.38744,-0.0017132,-0.15545,0.015068,0.050164,0.3893,-0.28535,-0.1209,-2.264,0.18578,0.39135,6.1292,-2.4042,4.5276,1.1555,-0.30268,0.68778,-0.59898,-0.93248,0.091691,-2.8625,2.5092,-0.33355,3.9736,-0.4639,0.30364,-0.48872,-18.19,6.0037,-6.9978,-7.7481,-4.236,-0.18747,0.045144,0.029616,0.30938,-0.20162,0.019357,0.076423,-0.051706,0.053813,-0.032414,-0.20068,-0.16436
30.201,0.0053292,0.021928,2.0102,-0.01284,0.032652,0.19965,-0.31084,0.2245,1,2,0.316,184.57,0.6,0,0,-0.35039,0.0032425,0.039101,0.80472,-0.45917,0.086747,-0.12837,0.00019074,0.053597,0.38052,-0.31351,-0.11878,-2.3542,0.17192,0.77311,6.2717,-2.4336,1.1129,0.85567,-0.60504,0.032966,-0.061508,-0.86657,-0.042479,0.34908,2.5824,-1.0697,-2.8793,0.16632,-2.2722,-0.62835,-15.473,5.9,-5.3802,-6.1833,-4.4084,-0.1696,0.014033,0.044882,0.25252,-0.19625,0.019006,0.05713,-0.032152,0.040464,0.0048609,-0.24636,-0.15672
30.252,0.0051147,0.051656,1.2783,-0.0044961,0.021852,0.27641,-0.33949,-0.0723,1,2,0.36,184.4,0.6,0,0,-0.38853,0.0078202,0.053216,0.90734,-0.49704,-0.029314,-0.11921,-0.016976,0.053597,0.38777,-0.32281,-0.13327,-1.5384,0.17727,0.59581,4.2967,-1.3433,-6.0989,0.40593,-0.81769,0.019083,0.43501,-0.34352,-0.59807,-0.62835,4.0842,-1.5527,-9.7703,2.1033,0.68266,-1.3265,-11.985,4.4473,-4.4659,-4.3904,-3.2328,-0.14665,0.033973,0.015588,0.22038,-0.23009,-0.048006,0.015665,-0.018343,0.037399,0.025301,-0.28331,-0.17916
30.269,0.0054723,0.017135,0.81838,0.0032703,0.013904,0.44724,-0.43683,-0.22646,1,2,0.396,184.32,0.6,0,0,-0.39769,0.013542,0.059319,0.94282,-0.5067,-0.040194,-0.10853,-0.03872,0.056649,0.40074,-0.32872,-0.13368,0.060874,0.26767,0.16309,0.40077,-0.13143,2.9737,0.34147,-0.79456,0.15236,0.46631,-0.29825,0.19126,-3.0021,2.7289,-1.3917,-11.38,0.36637,2.2226,-1.4662,-3.8645,2.7198,-4.5363,-4.3115,-2.5564,-0.13348,-0.045705,0.065353,0.24218,-0.28693,-0.018597,0.030774,-0.034899,0.056991,-0.053753,-0.32017,-0.20593
30.31,0.00097219,0.040286,0.73503,0.0095557,0.0085596,0.16733,-0.17094,-0.017057,1,2,0.436,184.37,0.6,0,0,-0.37976,0.023461,0.052071,0.87568,-0.48014,0.1214,-0.10204,-0.049783,0.057412,0.41676,-0.33442,-0.12616,0.68659,0.39354,-0.39802,-3.2927,1.43,3.5631,0.21125,-0.24922,-0.063097,0.64601,-0.19166,0.31853,-1.6058,-0.22095,-0.10352,-6.7165,0.2863,-3.8009,-3.1418,0.25495,-0.12652,-4.8176,-5.146,-2.5162,-0.11496,-0.049699,0.083421,0.21437,-0.2226,0.010475,0.048512,-0.026415,0.040451,-0.048236,-0.24826,-0.14314
30.336,0.0011282,0.026338,1.0821,-0.0017227,0.018807,-0.4007,0.37415,0.64676,1,2,0.48,184.4,0.6,0,0,-0.35611,0.05169,0.026894,0.68837,-0.42871,-0.092006,-0.11196,-0.052071,0.049783,0.45224,-0.37133,-0.083894,0.43979,0.81088,-0.46703,-4.4982,1.248,-4.259,-0.45012,0.031389,-0.15204,0.99901,-1.1227,0.99279,-2.0247,-5.0971,1.922,5.5209,-1.8526,3.0929,-3.0021,0.9348,-0.080513,-6.4352,-5.1251,-3.2417,-0.11311,0.06065,-0.020186,0.088929,-0.22064,-0.019926,0.060177,-0.0033973,-0.0023526,0.068313,-0.0749,-0.063656
30.362,0.0012749,0.025728,2.4007,-0.028869,0.030372,-0.78172,0.45547,0.9664,1,2,0.516,184.44,0.6,0,0,-0.3584,0.06466,0.020409,0.59796,-0.42113,0.014984,-0.12379,-0.041009,0.039101,0.48161,-0.39529,-0.090321,-0.21727,0.26651,-0.15602,-2.6963,0.57001,4.7174,-0.41199,0.58692,-0.43317,1.0819,-0.91095,-0.81154,1.0473,-5.1341,1.4147,-1.0179,-8.2075,0.7063,-2.5832,0.66286,1.3687,-11.073,-4.7585,-4.4745,-0.045904,0.06473,-0.083988,0.054093,-0.29566,0.091363,0.014863,0.032379,0.0071275,0.213,-0.11478,-0.045295
30.396,0.00087667,0.034544,3,-0.03585,0.03817,-0.41859,0.36383,0.38446,1,2,0.56,184.39,0.6,0,0,-0.34619,0.042535,0.024224,0.63077,-0.39736,-0.03332,-0.12493,-0.039483,0.047875,0.49268,-0.43262,-0.16451,0.20558,-0.61885,0.075653,1.1397,-0.29283,-2.3755,0.00086414,-0.086487,0.33524,-0.16003,-1.3045,-3.4125,3.2814,-5.4307,2.1637,0.087253,-3.4476,0.439,-4.5381,0.42491,0.6556,-12.189,-3.8814,-1.8658,0.043416,0.117,-0.13273,0.055323,-0.15694,-0.043454,-0.106,0.04414,-0.016318,0.43444,-0.29216,0.016772
30.421,0.0010181,0.024899,3.918,-0.041566,0.054315,-0.17039,0.53731,0.28677,1,2,0.6,184.45,0.6,0,0,-0.35153,0.0097276,0.037957,0.64221,-0.45537,0.015313,-0.10548,-0.036049,0.052453,0.47971,-0.46215,-0.14556,0.06432,-1.3154,0.36269,0.32281,-1.96,4.249,0.63768,0.10677,0.2248,-0.51121,-0.89122,2.8225,4.1192,-1.3427,2.5264,-3.6923,-0.26796,0.52476,-4.957,0.76484,-1.9703,-8.4676,-0.83828,-0.24816,0.11839,0.1257,-0.13767,0.12876,-0.15341,-0.040963,-0.19811,-0.0077857,-0.0093083,0.48195,-0.34812,0.043011
30.452,0.00092172,0.03108,4.571,-0.045435,0.065599,-0.20922,0.56658,-0.077326,1,2,0.636,184.48,0.6,0,0,-0.34848,0.0020981,0.029946,0.64145,-0.4694,0.048144,-0.095941,-0.052071,0.050546,0.46254,-0.4596,-0.037819,0.096452,-0.11904,-0.34282,-0.17309,-0.084029,-1.3443,0.46969,-0.77514,-0.15866,-0.67736,0.68948,3.9326,3.7003,4.011,-2.2363,-9.6937,-1.6763,-1.8591,-5.7948,4.8901,-3.1549,-0.31993,1.4118,-1.3877,0.11951,0.075373,-0.10049,0.13384,-0.19273,0.11155,-0.24347,0.029422,-0.041864,0.47974,-0.38732,0.10152
30.471,0.00082802,0.01902,5.5163,-0.055179,0.078936,-0.29444,0.45145,-0.32355,1,2,0.676,184.52,0.6,0,0,-0.31834,-0.016976,0.018502,0.62047,-0.44346,0.069343,-0.10281,-0.05436,0.03109,0.48657,-0.38765,-0.08648,1.015,-0.91026,-0.38123,-0.80207,0.28275,4.9072,-0.44738,0.35291,-0.64028,1.5471,2.0838,-2.5138,5.6552,8.6495,-7.4124,-11.303,-2.5444,-0.2058,-7.4392,6.135,-1.656,6.0835,-2.2836,1.1384,0.1663,0.037608,-0.10893,0.16914,-0.10137,0.037478,-0.26037,-0.022908,-0.031643,0.43275,-0.32612,0.038032
30.517,0.0012191,0.045442,6.1698,-0.068166,0.083425,-0.33966,0.18237,-0.56669,1,2,0.72,184.14,0.6,0,0,-0.27218,-0.023461,-0.0066758,0.58499,-0.44707,-0.014999,-0.15545,-0.032998,0.011254,0.60254,-0.38478,-0.030405,1.65,-0.093037,-0.82659,-1.3644,0.20832,-6.6189,-2.2553,0.87654,-0.6523,4.6574,-0.7368,4.3407,5.7948,11.946,-9.6931,-8.5442,0.9936,-2.0677,-6.9217,2.5092,-0.81663,5.3099,-3.7228,1.3256,0.14926,0.11592,-0.092016,0.1411,-0.022212,0.0037787,-0.25375,-0.00041891,-0.023521,0.45422,-0.31098,0.072238
30.552,0.0071026,0.035252,6.4788,-0.079009,0.080979,-0.37682,0.031155,-0.85703,1,2,0.756,183.7,0.6,0,0,-0.22602,-0.020409,-0.032235,0.5602,-0.45265,-0.010606,-0.22488,-0.0093462,0.00019074,0.73758,-0.43459,0.10857,2.1185,0.22371,-1.1433,-1.148,-0.38385,2.0467,-3.2343,1.0438,-0.47972,6.2301,-2.464,5.853,6.9119,12.218,-6.678,-1.3088,1.7374,-0.86021,-6.9119,-0.96879,-0.19553,0.43626,-3.5743,-1.8388,0.18595,0.063541,-0.058934,0.18106,0.090735,0.070603,-0.28315,0.0029867,-0.042225,0.44931,-0.27356,0.1103
30.57,0.0006308,0.017862,6.6764,-0.089615,0.074581,-0.32779,-0.20383,-1.055,1,2,0.8,183.73,0.6,0,0,-0.16918,-0.010109,-0.068856,0.52777,-0.45756,0.068963,-0.30804,0.02575,-0.018883,0.87911,-0.53362,0.070707,2.3303,0.12545,-1.1923,-1.3485,-0.17685,3.3535,-3.3031,1.7175,-1.0698,5.4788,-4.26,-3.6717,3.2814,9.3967,-3.0582,1.716,1.8556,-0.70189,-5.0966,-4.3773,1.8253,-10,-0.082328,-1.1628,0.16971,0.069463,-0.054318,0.14152,0.088977,0.081132,-0.26816,0.010569,-0.037548,0.42604,-0.26299,0.079488
30.591,0.00098339,0.021218,7.209,-0.10795,0.064758,-0.42878,-0.29649,-0.82322,1,2,0.836,183.73,0.6,0,0,-0.099374,-0.01545,-0.083734,0.51213,-0.47818,0.050597,-0.39273,0.060464,-0.049401,0.97295,-0.63907,0.034207,1.4547,-0.079158,-0.21435,0.16986,-0.67186,-1.0481,-1.7091,0.4657,-0.64125,0.73738,-1.6594,5.7789,1.4662,7.2842,-1.656,1.716,6.0154,-1.6156,-1.8851,-4.8901,3.2033,-9.004,1.8823,1.5143,0.18179,0.040345,-0.096248,0.085206,0.15679,-0.092434,-0.25897,0.095828,-0.066226,0.42692,-0.24877,0.074916
30.61,0.004664,0.019179,6.7091,-0.1062,0.049419,0.11103,-0.426,-0.39684,1,2,0.88,183.6,0.6,0,0,-0.065805,-0.024987,-0.082589,0.54189,-0.48651,0.069541,-0.42325,0.04902,-0.050546,0.91115,-0.61462,0.070386,0.82847,-0.39769,0.12811,0.94758,-0.23425,-0.021684,-0.57136,-0.43812,0.12431,-2.3959,1.3044,-6.885,-0.48872,12.218,-2.2846,-1.3088,9.9821,-2.5354,-2.304,-4.2308,2.5505,-0.20359,0.83993,-0.93122,0.1388,-0.0036229,-0.040711,0.067537,0.12813,-0.067235,-0.2041,0.12755,-0.095577,0.33903,-0.22047,0.034831
30.644,0.0052257,0.033695,6.1372,-0.10139,0.034614,0.20433,-0.46745,-0.30546,1,2,0.916,183.56,0.6,0,0,-0.046731,-0.037194,-0.069238,0.56706,-0.49229,0.073131,-0.43278,0.037575,-0.043297,0.84668,-0.56754,-0.048919,0.91323,-0.42302,0.64297,1.0381,-0.027222,0.46039,-0.51229,-0.54644,0.37973,-2.6325,1.8975,-0.41956,0.20945,12.141,-1.8253,-2.065,13.116,-1.304,-1.4662,-0.73084,0.51758,2.3558,-0.083741,5.6974,0.1245,-0.0070676,-0.029708,0.082276,0.17887,-0.12008,-0.16681,0.11395,-0.082008,0.26084,-0.18373,0.010291
30.675,0.0068301,0.030986,5.4945,-0.093873,0.019629,0.29107,-0.52077,-0.22182,1,2,0.956,183.58,0.6,0,0,-0.027276,-0.047112,-0.051308,0.58766,-0.4868,0.088233,-0.44614,0.018502,-0.037194,0.80472,-0.51474,0.19334,0.89827,-0.50324,0.77666,0.83711,0.20716,0.51265,-0.51443,-0.89313,0.22625,-1.6603,3.3834,11.611,-1.7454,11.01,-2.3571,-5.3802,16.246,-2.1988,-1.3265,0.73084,-0.74762,2.8793,-2.2325,-1.9459,0.10949,-0.019468,0.011018,0.14059,0.18541,-0.21426,-0.16523,0.046819,-0.030315,0.15981,-0.1801,0.043911
30.696,0.0053011,0.020948,4.9643,-0.086498,0.0050265,0.26436,-0.44715,0.1852,1,2,0.996,183.49,0.6,0,0,0.0013352,-0.049783,-0.047112,0.59606,-0.47893,0.040939,-0.44537,0.01812,-0.041009,0.8135,-0.4558,0.051226,0.89492,-0.093877,0.11292,-0.0064773,0.45164,-2.1002,0.51394,0.28919,-0.42195,0.59968,1.527,-12.066,-6.2137,6.9135,-1.3917,-8.3144,16.933,-4.25,-0.48872,4.8901,-2.7923,-1.8905,-1.383,-0.98045,0.10339,-0.020033,0.023792,0.26364,0.13032,-0.19949,-0.104,-0.036419,0.084688,0.12245,-0.22198,-0.11158
30.719,0.0065293,0.023418,5.0037,-0.087062,0.0068671,-0.027094,0.13488,0.11556,1,2,0.036,183.46,0.6,0,0,0.024224,-0.044442,-0.042153,0.58728,-0.46255,0.0073718,-0.4324,0.031472,-0.05436,0.80282,-0.43216,-0.14964,0.83408,0.23016,0.28567,-0.44098,0.60793,-0.83548,0.24267,0.63396,-0.65756,-0.7203,0.84537,-1.8848,-8.6036,4.5971,-1.0237,-9.9236,17.243,-4.0497,4.1192,4.8535,-1.7527,-2.9375,-3.058,7.2071,0.046902,0.023982,0.0022194,0.43332,-0.17578,-0.088443,-0.023427,-0.18627,0.16984,0.1166,-0.21127,-0.20395
30.757,0.0019314,0.037356,5.1462,-0.086323,0.024846,0.027215,0.68407,0.41974,1,2,0.076,183.63,0.6,0,0,0.026894,-0.036049,-0.032235,0.57469,-0.43468,-0.037108,-0.41447,0.056649,-0.065042,0.75628,-0.41361,0.1574,-0.051367,0.33302,0.38682,-0.41919,1.0109,-1.5988,1.0336,0.90879,-0.33029,-2.1096,1.8989,12.726,-7.0511,2.8388,-0.86264,-6.6462,17.525,-4.501,1.6058,1.9546,-1.1387,-1.4833,-1.4033,-3.2401,-0.030925,0.078131,-0.0048717,0.55352,-0.58989,0.010216,-0.027283,-0.42971,0.23047,0.2662,-0.25356,0.085929
30.785,0.00085804,0.02859,6.9269,-0.071178,0.097805,0.23412,1.0854,1.338,1,2,0.12,183.72,0.6,0,0,0.0070573,-0.025368,-0.020027,0.56859,-0.39447,-0.099122,-0.38853,0.065805,-0.041009,0.68494,-0.40234,0.017704,-0.96043,0.33014,0.39194,-0.12324,1.7638,-2.9136,0.98216,-0.095105,1.0274,-2.5751,0.41988,-11.282,-7.0515,1.0708,0.24154,-0.95978,13.896,-4.1217,0.20945,-1.2747,2.2604,-4.1143,-2.2073,-2.4304,-0.12574,0.10791,0.038162,0.58778,-0.52622,0.035151,0.10922,-0.18457,0.18973,0.16113,-0.1643,-0.20648
30.816,0.0012371,0.031262,7.928,-0.053708,0.12758,0.37769,1.4998,1.067,1,2,0.156,183.76,0.6,0,0,-0.049783,-0.013924,0.0059129,0.61131,-0.34943,-0.1398,-0.34161,0.052453,-0.0028611,0.60597,-0.35752,-0.17041,-1.9229,0.46455,0.54657,2.1227,0.96072,0.60796,1.1558,-0.25187,1.4873,-2.1674,0.8613,1.4045,-4.3985,1.8526,-1.1847,4.9582,0.73987,0.3753,6.9119,-14.58,8.0754,-1.4251,-3.4709,0.62903,-0.22338,0.055226,0.014516,0.5881,-0.47117,0.0046757,0.24782,-0.1859,0.17928,0.19318,0.031789,-0.27275
30.838,0.0045698,0.021165,8.2564,-0.035093,0.13979,0.87517,0.86102,1.7791,1,2,0.196,183.78,0.6,0,0,-0.11921,-0.02079,0.017739,0.70439,-0.34257,-0.072572,-0.30232,0.017739,0.052834,0.54341,-0.37568,-0.052311,-2.7839,-0.23209,0.36058,4.0584,-0.27227,2.9967,1.6707,-1.6841,1.8778,-2.193,-0.72882,4.6083,-1.6058,5.0971,-1.9462,5.4506,-6.9245,0.77457,3.9796,-22.441,11.731,1.6578,-4.2502,-1.6993,-0.2925,0.050826,0.028193,0.61515,-0.41985,-0.025289,0.25725,-0.18883,0.15243,0.17059,0.099471,-0.25607
30.862,0.0011062,0.024445,8.009,0.0091293,0.13949,1.0447,0.27543,1.5191,1,2,0.236,183.85,0.6,0,0,-0.17338,-0.024224,0.024987,0.79671,-0.42015,0.025299,-0.27752,-0.018502,0.058938,0.54379,-0.38126,0.071067,-2.6349,-0.27,0.38969,4.9808,-4.6297,5.3613,1.026,-2.0947,0.44703,0.37307,-0.17511,6.2848,-0.76799,9.0604,-2.5022,1.9486,-6.3996,-0.32875,6.493,-25.565,13.224,2.8793,-3.5775,-1.6197,-0.34443,0.01637,0.069564,0.6022,-0.39305,-0.034082,0.24586,-0.16169,0.12905,0.20836,0.15234,-0.20132
30.879,0.0014562,0.017234,7.4974,0.044364,0.12315,1.3376,-0.62953,1.6256,1,2,0.276,183.83,0.6,0,0,-0.24205,-0.0078202,0.039483,0.94968,-0.66847,0.014655,-0.23136,-0.081445,0.095941,0.60063,-0.41539,-0.12598,-2.0362,0.90435,0.46916,4.6017,-8.0952,-5.7064,2.0373,-1.6059,1.5939,1.6418,-0.38736,-11.37,-3.5607,6.3945,-2.2121,-4.8176,1.7746,-0.50794,7.3098,-8.8363,6.6262,-2.1232,1.1364,-4.3327,-0.27001,-0.057493,0.17114,0.53292,-0.3372,-0.051163,0.18487,-0.004229,0.072345,0.21316,0.21664,-0.29436
30.901,0.0045724,0.021872,6.5432,0.074593,0.086554,1.2975,-1.3286,1.5865,1,2,0.316,183.94,0.6,0,0,-0.27485,0.035668,0.040246,1.0237,-0.78017,-0.10053,-0.18788,-0.092126,0.1051,0.62543,-0.44237,-0.16527,-1.365,2.0724,-0.28016,2.9988,-3.8455,-2.688,1.9816,-0.23833,0.30494,1.0816,-1.6413,1.6727,-8.9917,0.18696,-0.49458,-4.8879,2.2125,3.467,11.709,-7.8648,6.3409,-4.4659,8.1937,-2.7078,-0.2152,-0.12258,0.21771,0.5064,-0.3582,-0.04388,0.12054,0.10174,0.1115,0.11652,0.13709,0.016328
30.934,0.00088668,0.032445,5.9174,0.090404,0.050003,0.54732,-1.388,2.075,1,2,0.36,184.11,0.6,0,0,-0.3191,0.065423,0.027276,1.0657,-0.74388,0.17632,-0.093271,-0.12837,0.13218,0.6281,-0.43689,-0.17143,-1.8718,0.77188,-0.67068,1.2954,2.8229,7.6021,3.7296,-1.5237,1.0977,-0.38159,0.92614,-1.9955,-9.8974,-2.6923,1.7769,-5.5912,-0.34864,-5.9711,6.6629,-4.0842,1.4837,-2.065,12.088,-3.7995,-0.18306,-0.080437,0.20567,0.43112,-0.21924,-0.038287,0.13425,0.073015,0.0021485,0.12941,0.17276,-0.12211
30.949,0.0008726,0.014987,5.9329,0.099562,0.028502,0.5408,-1.3152,2.381,1,2,0.396,184.12,0.6,0,0,-0.36831,0.081445,0.013161,1.0691,-0.72212,0.0097095,-0.037194,-0.14134,0.14057,0.61131,-0.43439,-0.16316,-2.7497,0.92198,-0.75682,0.083875,1.8082,-12.239,3.0389,-0.62954,0.41646,-0.87411,0.044848,1.1292,-6.3533,-7.2471,7.067,-6.0132,-1.366,-2.6374,0.48872,0.52689,-1.3687,-1.2506,14.731,-4.6889,-0.17071,-0.0045142,0.14989,0.40559,-0.24905,-0.07288,0.073979,-0.00075282,0.076233,0.098114,0.24902,-0.021793
30.979,0.00086825,0.03045,6.3606,0.11098,0.0025735,0.47053,-0.93917,2.2784,1,2,0.44,184.09,0.6,0,0,-0.4305,0.081445,0.032616,1.0416,-0.63454,-0.26995,0.012398,-0.12913,0.12837,0.60712,-0.41214,-0.14812,-2.7429,-0.24302,1.3216,-1.6192,4.5574,-6.2302,2.0252,0.76899,-0.75824,-0.0072739,1.16,0.31446,0.34908,-12.686,8.5527,-4.3253,-3.1004,7.7103,-5.6552,10.069,-1.7527,-3.622,15.105,-2.4115,-0.20729,0.0008169,0.15711,0.40944,-0.24874,-0.049874,0.12072,0.028789,0.077499,0.063695,0.48734,0.29609
30.999,0.0021863,0.020346,6.1087,0.10542,-0.015966,-0.12736,-0.37544,1.7612,1,2,0.476,184.12,0.6,0,0,-0.47894,0.054742,0.10243,0.96151,-0.5491,0.20326,0.045205,-0.12036,0.12303,0.62238,-0.38101,-0.055793,-1.791,-1.2727,2.7608,-3.6068,5.0827,16.114,1.1096,0.31548,-0.13054,0.69269,1.5594,4.5977,8.9917,-12.024,3.7207,2.5303,-6.3775,-7.3384,-12.356,18.111,-1.5297,-9.7703,9.4417,0.33181,-0.15486,-0.033111,0.15603,0.25036,-0.17427,0.10082,0.10853,0.018963,0.007122,0.21442,0.41074,0.24443
31.008,0.0011346,0.0088948,3.9575,0.066849,-0.017396,-1.3406,0.047536,1.0379,1,2,0.516,183.94,0.6,0,0,-0.50908,0.011254,0.17071,0.82837,-0.49452,-0.18775,0.068093,-0.098611,0.11044,0.63878,-0.2999,-0.0056315,-0.46056,-1.0949,1.4757,-4.0074,4.3095,-22.208,0.66281,1.3356,-0.6064,0.42109,1.7637,-0.79747,10.544,-3.8645,-0.12652,6.9275,-1.8949,2.0097,-15.977,9.0604,-3.1791,-12.189,11.78,-2.4049,-0.15383,0.23683,-0.10947,0.019085,-0.13643,-0.13742,0.084075,-0.06079,0.087868,0.46913,-0.24706,0.082437
31.023,0.00093929,0.014655,2.0333,0.033544,-0.011588,-2.0274,0.37903,0.72609,1,2,0.556,183.92,0.6,0,0,-0.51022,-0.0059129,0.18292,0.76047,-0.45024,-0.33797,0.07496,-0.051308,0.095941,0.64183,-0.2728,-0.013359,-0.083013,-0.89866,0.51074,-3.2229,0.9692,0.099233,0.287,2.364,-0.75095,0.12434,1.6037,0.31655,10.674,-0.73084,-1.3687,6.5758,1.027,11.857,-16.52,1.7506,-0.74762,-14.306,15.422,4.158,-0.078074,0.068533,-0.025464,0.027467,-0.10093,-0.23265,0.08979,-0.052011,0.052827,0.46639,-0.33173,0.0027342
31.051,0.0011195,0.028375,2.4829,-0.041828,0.011327,-2.361,0.51855,-0.68448,1,2,0.6,183.86,0.6,0,0,-0.49687,-0.01812,0.16346,0.74712,-0.4173,0.25472,0.07229,-0.0093462,0.08526,0.63725,-0.19805,0.1294,1.0012,-0.25569,-0.76426,-0.010273,5.7092,23.317,-0.31011,1.6434,-0.44756,-0.34824,3.6725,6.8474,9.6386,-1.8526,-0.37956,1.716,-7.919,-8.4207,-14.889,0.69685,-0.51758,-10.92,14.612,2.0284,0.015814,0.042639,-0.080279,0.1352,-0.16363,0.045585,-0.066239,0.041968,-0.040776,0.51004,-0.33796,0.10718
31.067,0.0015332,0.016038,4.5961,-0.076591,0.023865,-2.2714,0.98969,-0.98094,1,2,0.636,183.74,0.6,0,0,-0.49992,0.00057221,0.13485,0.74598,-0.366,0.27703,0.066186,0.004387,0.073434,0.64183,-0.17905,0.19163,-0.34543,1.1268,-2.1932,-0.34602,2.1527,-3.464,-0.43211,0.59998,-0.39482,0.56339,0.52999,2.3454,11.45,5.616,-4.6226,-12.346,-3.4323,-12.582,-12.485,-3.5714,-0.26454,2.4722,-2.1288,-2.4278,0.063389,-0.079619,-0.014057,0.20972,-0.077282,0.060499,-0.091892,0.053724,-0.054016,0.47251,-0.33091,0.096091
31.086,0.001637,0.01863,6.4639,-0.10841,0.031288,-1.9458,0.82308,-2.0878,1,2,0.676,183.71,0.6,0,0,-0.47398,0.028038,0.059701,0.7063,-0.30686,-0.2164,0.018502,0.0062943,0.06733,0.68265,-0.22586,0.093687,1.4534,1.177,-3.6476,-2.182,6.2015,-24.144,-2.623,0.16068,-0.51115,2.3273,-2.6057,-6.1371,14.481,9.5462,-3.7457,-23.486,2.2344,-6.0297,-6.6326,-2.1245,0.83963,1.8905,-4.951,-2.198,-0.030691,0.054583,-0.062578,0.19162,0.15168,0.0056627,-0.061556,0.038163,-0.10181,0.56382,-0.37277,0.14379
31.102,0.00089667,0.016108,6.4311,-0.10681,0.034564,-0.23198,0.556,-3.0046,1,2,0.716,183.75,0.6,0,0,-0.43164,0.020027,0.029564,0.69791,-0.35792,-0.15961,-0.04139,-0.0074388,0.055123,0.74712,-0.31492,-0.079072,2.7082,0.14404,-1.6329,-0.62125,-3.1728,6.5723,-3.3582,-0.83778,-0.56188,3.2419,-4.2986,-8.2004,11.321,2.5458,-2.5505,-9.9236,-0.57196,5.1921,-5.9344,1.3087,-2.6956,2.9375,-4.0993,5.273,0.10258,-0.022032,-0.039232,0.27307,0.15702,0.12399,-0.14297,-0.0076079,-0.076994,0.47689,-0.35754,0.052206
31.122,0.0013993,0.019468,6.0067,-0.10075,0.029022,0.51162,0.20104,-3.0569,1,2,0.756,183.76,0.6,0,0,-0.34657,0.013924,-0.0055314,0.64336,-0.40693,0.14275,-0.12646,-0.024224,0.035286,0.82189,-0.42593,-0.036894,4.376,-0.64513,-1.5811,-3.0983,-0.74043,14.192,-4.0326,-0.71468,-1.0802,3.6413,-5.5486,5.3018,5.2363,-1.0028,-0.33355,-0.20359,2.3298,-5.1104,-3.0021,4.4139,-2.4538,-1.716,-0.98298,4.2829,0.11636,0.076924,-0.0517,0.22318,0.17102,0.25594,-0.15456,-0.011778,-0.042979,0.44629,-0.3309,0.04436
31.146,0.00087427,0.023926,6.1256,-0.10554,0.017132,-0.080279,-0.22601,-2.9789,1,2,0.8,183.71,0.6,0,0,-0.25196,0.018502,-0.04139,0.56668,-0.38628,0.16961,-0.20428,-0.03109,-0.0017166,0.90124,-0.51223,0.29922,3.9438,0.45568,-1.496,-3.1873,1.4877,-3.0771,-3.3636,-0.19412,-1.8217,3.4221,-2.1919,16.431,0.069817,-0.76484,1.2307,4.9582,5.3507,-4.3274,-1.0473,3.2418,-1.8253,-2.8793,-1.2675,-5.1203,0.11878,0.11912,-0.080441,0.089622,0.073434,0.21909,-0.1908,-0.038328,-0.023849,0.45637,-0.25897,0.24411
31.17,0.0042957,0.024341,6.3616,-0.11019,0.013706,-0.32458,-0.030783,-2.4353,1,2,0.836,183.77,0.6,0,0,-0.18025,0.027276,-0.056268,0.53769,-0.31134,-0.019089,-0.26226,-0.022698,-0.041772,0.94511,-0.59213,0.21146,3.8214,0.52064,-0.76276,-1.3633,4.9651,-9.5287,-3.1828,0.44513,-2.1421,2.2692,-4.5723,-10.18,-0.76799,-1.0028,1.7527,6.2242,3.3115,4.5272,-0.069817,1.1727,0.47158,-6.5758,5.3855,-8.8277,0.13351,0.059344,-0.029465,0.13714,0.3057,0.0095244,-0.19759,0.042307,-0.096253,0.40252,-0.20912,0.10408
31.197,0.00097721,0.027235,6.7203,-0.11671,0.011683,-0.32458,-0.030783,-2.4353,1,2,0.876,183.89,0.6,0,0,-0.18025,0.027276,-0.056268,0.53769,-0.31134,-0.019089,-0.26226,-0.022698,-0.041772,0.94511,-0.59213,0.21146,3.8214,0.52064,-0.76276,-1.3633,4.9651,-9.5287,-3.1828,0.44513,-2.1421,2.2692,-4.5723,-10.18,-0.76799,-1.0028,1.7527,6.2242,3.3115,4.5272,-0.069817,1.1727,0.47158,-6.5758,5.3855,-8.8277,0.13789,0.062543,-0.026766,0.13878,0.40001,-0.07451,-0.17537,0.040504,-0.10433,0.35136,-0.19492,0.083036
31.23,0.00096717,0.032896,6.3872,-0.11144,0.0030816,0.25202,-0.16524,-1.8997,1,2,0.92,184.03,0.6,0,0,-0.11883,-0.0070573,-0.057031,0.54761,-0.28405,0.31042,-0.34466,0.00057221,-0.060464,0.92679,-0.5988,0.056502,0.41004,-1.6267,0.29197,0.61359,-1.4769,10.664,-1.4306,0.43667,0.56657,-1.7256,2.2838,24.828,1.3265,13.803,-2.0912,-1.5996,10.225,-2.6827,-1.0473,-3.2784,2.1879,-1.0761,3.4805,6.4892,0.086166,0.086434,-0.066847,-0.019898,0.028931,-0.14291,-0.15305,0.017913,-0.043298,0.26474,-0.21968,0.22993
31.239,0.00090895,0.0086321,5.5643,-0.097015,-0.0044152,0.69727,-0.2174,-1.4754,1,2,0.956,183.95,0.6,0,0,-0.098611,-0.035668,-0.041772,0.55867,-0.32114,0.26566,-0.36755,0.01545,-0.057031,0.8753,-0.45151,0.55053,1.0727,-1.1843,0.80162,0.49464,-1.2588,-5.3194,-1.0574,0.90804,0.022229,-2.6363,6.999,11.839,-0.069817,11.478,-1.2997,-1.9486,10,-5.4571,0.069817,-1.8866,-0.40256,-0.029084,-3.4095,-7.6843,0.096593,0.15163,-0.039982,-0.025758,0.0083177,-0.2436,-0.14848,0.011325,-0.0014469,0.22023,-0.14121,0.21381
31.263,0.00089939,0.024648,5.1027,-0.088233,-0.012116,0.53413,-0.30748,-1.2344,1,2,0.996,184,0.6,0,0,-0.076486,-0.032998,-0.024987,0.5602,-0.27313,3.6342e-05,-0.37823,0.036049,-0.074197,0.8238,-0.47648,-0.092202,1.0706,0.15806,0.86131,0.0046952,3.1245,-12.739,-0.43935,1.1311,-0.8505,-2.5035,4.7336,-30.265,-2.8625,13.726,-2.0187,-1.6578,22.353,-1.5141,-0.069817,-1.8526,-0.034505,0.5526,-2.4523,4.9924,0.065543,0.01686,0.091158,0.0096588,0.12412,-0.22837,-0.09723,0.016005,0.022285,0.11385,-0.19784,-0.12002
31.302,0.0010194,0.038821,3.2513,-0.052533,-0.021464,1.0624,-0.25136,-1.0748,1,2,0.036,183.75,0.6,0,0,-0.050546,-0.071527,-0.012398,0.57088,-0.3122,-0.032506,-0.38167,0.04406,-0.0906,0.76047,-0.40393,-0.2742,1.0133,-1.3047,0.2375,0.43499,-0.7979,-0.14281,-0.28504,0.07982,-0.59858,-2.5591,1.6789,3.8564,-3.0021,12.92,-2.3088,-3.7626,18.275,-0.95325,1.4662,-0.52689,0.14952,4.8176,-1.2488,11.574,0.074653,-0.00085982,-0.026365,0.32006,-0.14215,-0.10626,-0.059737,-0.15992,0.12995,-0.066242,-0.23548,-0.13784
31.309,0.00072569,0.0070922,2.6803,-0.040105,-0.024088,0.79901,-0.15592,-0.56683,1,2,0.092,183.75,0.6,0,0,-0.036049,-0.090982,-0.0066758,0.56935,-0.28226,-0.054237,-0.38624,0.041772,-0.082589,0.70172,-0.29296,0.47307,0.63973,-0.79834,0.19931,-0.14337,0.33559,-1.4068,-0.046899,-0.1222,0.86249,-2.3425,9.8023,28.326,-7.4392,22.088,-3.8459,-12.973,11.627,-4.6271,3.5607,-2.2605,2.1637,2.2395,-6.1642,-7.4978,0.057914,-0.001648,-0.013688,0.50245,-0.56182,0.03256,-0.23248,-0.57152,0.21148,0.12226,-0.45519,0.32802
31.314,0.00092396,0.0052753,2.4633,-0.034565,-0.025571,0.34151,-0.11402,0.037852,1,2,0.116,183.75,0.6,0,0,-0.021935,-0.097848,0.0028611,0.55867,-0.30032,-0.14063,-0.38396,0.056649,-0.066567,0.65557,-0.31849,0.28974,0.63351,-0.29253,0.7067,-0.73227,-0.69447,-5.3863,0.26279,0.94685,0.85716,-2.5913,-2.3058,-17.633,-9.3799,14.153,-1.7044,-9.6171,9.3999,-2.8898,3.5607,-5.9497,3.6455,0.20359,-5.2543,-10.117,0.014626,0.026891,0.055131,0.57413,-0.44293,0.059605,-0.14017,-0.23894,0.15925,0.0060098,-0.2186,-0.13828
31.348,0.0011058,0.033552,1.5816,-0.023061,-0.015172,0.43466,0.39434,0.96783,1,2,0.156,183.54,0.6,0,0,-0.010872,-0.091745,0.034905,0.53349,-0.32159,-0.25449,-0.3687,0.081064,-0.04406,0.59567,-0.30927,-0.39413,0.24982,0.087513,1.4877,-1.1132,-1.0049,-3.36,0.65851,0.72462,0.73223,-2.3946,4.3046,-20.224,-11.062,12.063,-0.70161,-9.4638,9.5053,1.1025,5.0966,-7.0618,5.3554,-1.0761,-8.8546,10.931,-0.038846,0.072005,0.070278,0.4641,-0.37238,0.078766,-0.00059672,-0.14231,0.11472,0.0014193,-0.13471,-0.28979
31.374,0.001102,0.025679,1.0424,-0.018141,0.0013828,0.3053,0.8296,1.5336,1,2,0.196,183.58,0.6,0,0,-0.012398,-0.078393,0.056268,0.51366,-0.32385,-0.23282,-0.35916,0.094797,-0.03109,0.57813,-0.30296,-0.21944,-0.30771,0.67209,1.0165,-0.95384,0.136,1.5015,0.53531,0.48318,0.86709,-0.66453,0.56695,13.706,-9.1211,11.751,-2.6231,2.414,2.0366,3.9589,2.7229,-12.53,5.5369,-4.4659,-5.8726,4.7012,-0.10376,0.056895,0.0095176,0.52715,-0.40175,0.012347,0.038427,-0.23541,0.23056,0.096147,-0.16492,-0.1325
31.403,0.0013136,0.029008,1.8782,-0.017504,0.027719,-0.0067009,1.2244,2.4651,1,2,0.236,183.65,0.6,0,0,-0.050546,-0.074197,0.068475,0.54265,-0.35177,-0.051549,-0.35382,0.068475,0.011635,0.55028,-0.28452,0.19832,-2.2466,0.17448,0.5738,2.2095,-1.5704,10.819,0.18559,-1.3503,2.1092,-1.6401,2.6445,18.628,-6.7722,8.7989,-2.1396,14.306,-6.5779,2.5963,3.1418,-19.85,6.6521,-6.5758,-10.299,-9.0489,-0.20271,0.1114,-0.010302,0.59696,-0.44518,-0.022504,0.016674,-0.30808,0.248,0.12377,-0.16181,-0.063948
31.424,0.0045182,0.021241,3.0737,-0.013636,0.051885,0.090405,1.4039,3.2242,1,2,0.276,183.68,0.6,0,0,-0.12112,-0.044442,0.071908,0.64527,-0.41408,0.21473,-0.35458,0.058175,0.010109,0.53197,-0.2987,0.10266,-3.7731,1.6334,0.15816,5.4488,-2.509,11.831,0.079131,0.019404,-0.94052,-0.58741,-0.82793,-9.8272,-2.304,7.173,-1.5297,6.7165,-4.0397,-6.1194,6.6326,-22.991,15.866,-10.46,-3.9987,-12.628,-0.23517,-0.0083478,0.086963,0.44915,-0.30762,0.035752,0.11425,0.028238,0.11216,0.12316,-0.1277,-0.15285
31.454,0.0046329,0.029676,4.5204,-0.019505,0.076451,-0.49058,0.91904,2.7662,1,2,0.316,183.75,0.6,0,0,-0.20619,-0.019265,0.077249,0.78527,-0.52339,0.14005,-0.32292,0.066186,-0.00095369,0.50832,-0.27415,-0.40164,-3.7262,1.2179,0.086092,6.2791,-5.1892,-8.3472,1.6076,0.10023,0.11072,-1.4489,3.8608,-19.784,2.1643,3.4615,-2.2846,-0.49443,-0.72105,-4.2821,8.733,-26.504,16.933,-5.7319,-9.3723,4.6872,-0.19054,0.11793,0.020856,0.37982,-0.16192,0.0087878,0.057407,-0.092695,0.013736,0.2323,0.029448,-0.27613
31.493,0.0011162,0.039738,3.6191,0.0053389,0.062939,0.37197,-0.43313,2.1705,1,2,0.356,183.82,0.6,0,0,-0.26608,0.018502,0.056268,0.92794,-0.61247,-0.25577,-0.2821,0.059701,0.04902,0.48695,-0.27423,-0.15432,-1.8146,0.73661,-0.76766,4.6578,-2.0493,-8.1797,1.686,-1.2053,3.1525,-0.47505,0.30986,16.988,-2.5832,6.2833,-2.744,-4.3956,-0.86866,9.7386,6.2137,-26.387,8.1019,0.43626,-3.7112,0.55726,-0.14957,0.052407,0.022612,0.33507,-0.28721,-0.10459,-0.028084,-0.077931,0.03953,0.18178,0.075872,-0.22392
31.503,0.0013913,0.0091647,2.887,0.024892,0.043814,0.95616,-1.1258,2.8376,1,2,0.396,183.82,0.6,0,0,-0.30499,0.019265,0.040246,1.0016,-0.62847,0.25795,-0.23785,-0.004387,0.12341,0.48772,-0.26402,0.19788,-1.3906,0.081113,-0.61827,2.6557,3.5044,20.15,1.6536,-2.1788,1.815,0.5759,0.71671,9.5104,-6.9217,2.6923,0.26454,-8.0078,1.5063,-8.1588,5.5155,-14.774,7.545,-1.7741,-5.0175,-11.018,-0.18401,-0.10917,0.11689,0.37834,-0.3245,0.014686,-0.038804,-0.0071062,0.053053,-0.01043,-0.044789,-0.041203
31.538,0.0010142,0.035739,3.5373,0.060833,0.010538,0.94937,-1.0125,2.1148,1,2,0.44,183.25,0.6,0,0,-0.3397,0.032998,0.038338,1.0035,-0.62293,0.01461,-0.17414,-0.021553,0.11883,0.52853,-0.31763,-0.3299,-1.0073,0.58871,0.059715,-0.96909,1.2535,-21.541,1.8657,-1.0185,0.013517,0.97977,1.5105,-19.554,-5.5155,1.3427,0.28755,-10.613,2.6909,-1.7236,1.6058,-1.4447,-1.9945,1.4833,0.011372,2.6206,-0.16,0.090794,0.087965,0.35928,-0.24231,-0.093924,-0.031263,0.088035,0.082201,0.050413,0.042004,-0.2278
31.57,0.0011325,0.032129,5.3901,0.08631,-0.037473,-0.033205,-0.51023,2.31,1,2,0.48,183.15,0.6,0,0,-0.3851,0.077249,0.045968,0.78908,-0.381,0.3497,-0.14286,-0.080301,0.039864,0.63115,-0.29442,-0.040248,-0.80329,0.10888,0.10385,-3.7625,3.8176,7.5159,0.019271,-0.91663,-0.1074,0.68167,1.8218,4.8477,1.8851,-7.3212,2.2604,4.1846,-5.9596,-12.002,-4.1192,2.1585,0.88564,-9.847,0.45066,-3.4295,-0.18578,-0.13552,0.22113,0.37121,-0.17214,-0.0038444,0.021351,0.045446,0.033636,-0.061208,0.20692,0.3013
31.596,0.0009616,0.025744,5.3919,0.082835,-0.044711,-0.10794,-0.43225,2.3408,1,2,0.528,183.1,0.6,0,0,-0.39082,0.076867,0.045968,0.76925,-0.37786,0.31475,-0.14286,-0.081445,0.040627,0.63001,-0.28508,-0.03807,-0.88928,0.025885,0.018562,-3.5215,1.816,-0.48598,0.015793,-0.47697,0.053617,0.18347,1.6176,2.08,2.5832,-7.3954,2.5264,6.6462,-5.6077,-11.593,-5.5155,2.8022,-0.37956,-11.763,0.089902,-3.9455,-0.12859,0.028105,0.079394,0.141,-0.18776,0.032106,-0.030244,0.011284,-0.018765,0.00089152,-0.11303,0.2097
31.617,0.0050675,0.021271,5.4871,0.081453,-0.050424,-0.074657,-0.3369,1.4139,1,2,0.56,183.12,0.6,0,0,-0.41524,0.081064,0.043679,0.72499,-0.38909,0.018457,-0.13294,-0.07763,0.053216,0.62657,-0.29988,-0.067295,-1.4251,0.41014,-0.20201,-2.6983,0.9155,-19.716,0.70172,0.31382,0.81706,-0.1223,-1.46,-1.4587,2.4436,-8.089,4.1466,6.4352,-3.1799,-2.1374,-9.3799,5.06,-1.5297,-16.619,8.1954,-4.5433,-0.242,0.26397,-0.057057,0.024651,-0.21774,0.021282,0.018988,0.036717,0.075957,0.25697,-0.1428,0.18498
31.645,0.0050751,0.027623,4.4771,0.062621,-0.04677,-0.57063,0.20093,0.75603,1,2,0.596,183.08,0.6,0,0,-0.43507,0.090982,0.052071,0.6899,-0.35938,-0.36553,-0.11196,-0.057031,0.070001,0.62543,-0.37457,-0.093446,-1.2526,0.48344,0.56007,-1.8909,3.0829,-18.716,0.98852,1.2724,1.0129,-0.18674,-4.0647,-1.5566,7.8273,-5.0971,2.1154,8.1611,-5.0251,10.354,-10.027,7.0988,-0.79363,-14.933,10.088,-4.3714,-0.27354,0.38505,-0.13759,0.0091197,-0.25191,-0.049495,0.021563,0.039621,0.11525,0.54483,-0.31072,-0.0064166
31.665,0.0042567,0.020194,2.4886,0.020127,-0.038493,-1.4469,0.28262,0.12811,1,2,0.636,183.15,0.6,0,0,-0.46025,0.086023,0.089075,0.67617,-0.43757,0.074454,-0.093271,-0.026894,0.082589,0.59644,-0.39219,0.025176,-0.84537,-0.6509,1.6575,0.10571,0.40791,25.083,0.96612,0.53541,0.23841,-1.3472,1.9758,10.405,9.8974,-10.737,3.5202,1.4251,-5.2006,-0.62895,-12.097,7.5437,-3.8209,-16.938,8.4127,4.2535,-0.1269,0.033761,-0.0041857,0.014625,-0.32701,0.11692,-0.098835,0.13097,-0.049087,0.45422,-0.36968,0.041725
31.715,0.0008774,0.049626,2.1002,-0.027193,-0.024583,-1.245,0.56025,-1.9146,1,2,0.68,183.15,0.6,0,0,-0.44385,0.078012,0.058556,0.64984,-0.31521,-0.25958,-0.11654,-0.0082017,0.046731,0.51366,-0.3512,0.16197,1.35,0.79456,-1.8142,-3.8478,1.3653,-12.707,-1.9831,1.4411,0.077523,0.033484,0.18007,-2.6397,-0.76799,13.193,-6.1334,-8.0845,-7.1986,8.0813,-1.4662,0.52689,2.067,11.686,-1.6587,-1.4491,-0.18056,0.13557,0.00096454,0.018062,-0.25746,0.004295,-0.067508,0.08454,-0.046968,0.51113,-0.32212,0.090679
31.73,0.00084847,0.015406,2.5908,-0.041713,-0.017459,-1.3514,0.63978,-1.9591,1,2,0.736,183.17,0.6,0,0,-0.43965,0.083352,0.049401,0.63268,-0.31929,-0.27135,-0.12608,-0.0013352,0.04902,0.519,-0.35304,0.14233,1.2057,1.0105,-2.058,-4.097,0.27571,-8.6393,-2.1507,1.5361,0.30679,0.60141,-0.14048,-3.6791,-1.6058,15.589,-6.9892,-10.996,-12.05,7.5564,-1.4662,0.9348,1.9462,13.052,-3.768,-1.8193,-0.15938,0.056662,0.026174,0.02838,-0.16093,0.0043629,-0.09048,0.091901,-0.051341,0.39048,-0.24515,0.077286
31.745,0.0010348,0.014244,3.6151,-0.062571,-0.0081192,-1.7106,0.89173,-2.0678,1,2,0.76,183.21,0.6,0,0,-0.42782,0.084878,0.045205,0.60407,-0.3372,-0.13379,-0.16117,0.022698,0.061608,0.56096,-0.37604,0.03461,0.91003,-0.16976,-0.0060732,-1.7271,-0.69559,9.7293,-2.5149,1.7227,0.80691,2.886,-1.5205,-7.7317,-0.48872,15.784,-12.803,-20.675,-10.745,6.4466,0.20945,1.5127,-2.0429,16.619,-4.0148,-0.13048,-0.0072456,-0.078647,0.032422,0.081317,-0.24596,-0.11788,-0.18861,0.13308,-0.070946,0.30835,-0.16147,-0.011153
31.77,0.0010336,0.025328,5.2212,-0.091112,0.0016454,-0.82089,0.28395,-0.7173,1,2,0.808,183.28,0.6,0,0,-0.39616,0.046349,0.034142,0.5869,-0.31454,0.29777,-0.25921,0.088693,0.026894,0.71736,-0.48356,-0.050693,0.58633,-1.6296,-1.1629,-0.78123,1.0855,6.7431,-2.9102,2.032,-1.6699,5.7329,-4.1271,2.0908,1.8851,5.8385,-1.7286,-12.973,-10.387,-5.2186,1.7454,0.42491,-1.4607,1.5415,-0.795,3.1057,-0.0621,0.1164,-0.036005,0.095191,-0.23101,-0.18287,-0.24646,0.044135,0.0032402,0.26858,-0.15317,-0.024568
31.79,0.0048635,0.020153,5.534,-0.095701,-0.013071,-0.4377,-0.38731,-0.93615,1,2,0.836,183.28,0.6,0,0,-0.379,0.034524,0.012016,0.56859,-0.33695,0.20452,-0.2882,0.099374,0.0024796,0.79671,-0.53826,0.090263,1.2625,-0.76266,-1.6322,-1.3577,-1.4381,-6.647,-2.0857,0.81396,-1.5971,5.6466,-3.4839,10.614,-2.1643,3.9377,1.0927,-8.9274,-4.7343,-4.5388,3.2814,0.79883,-1.5527,-1.716,-0.22969,-0.55085,-0.10252,0.15658,-0.088373,-0.012446,-0.34433,-0.14251,-0.21978,-0.0067604,0.019465,0.31073,-0.20014,0.17197
31.819,0.00088211,0.029411,5.9853,-0.10035,-0.029068,-0.30417,-0.36177,-1.0652,1,2,0.88,183.26,0.6,0,0,-0.30308,0.042535,-0.0089647,0.52129,-0.38444,-0.13501,-0.32025,0.10777,-0.041772,0.92145,-0.60993,0.082904,2.5791,0.051164,0.44586,-0.29822,-0.13582,-2.6888,-0.31227,0.11435,-1.0212,2.4247,-1.1471,-10.559,-4.6777,-0.90081,-0.21853,-8.5442,-4.5484,4.5932,0.34908,0.084982,1.5297,-10.46,3.005,-2.449,-0.019341,0.027619,-0.010967,0.072011,-0.1945,-0.14032,-0.20244,0.085047,-0.053059,0.28673,-0.18804,0.057616
31.843,0.0010446,0.023427,5.2808,-0.0857,-0.033955,0.299,-0.28213,-0.5076,1,2,0.916,183.3,0.6,0,0,-0.27104,0.032616,0.018502,0.51747,-0.39931,-0.009076,-0.32216,0.1173,-0.06199,0.91878,-0.56741,-0.16672,1.6326,-0.73225,1.4461,-0.3838,-0.73017,6.9179,-0.16903,0.66558,-1.0727,-0.4571,3.433,-11.035,-0.20945,-2.9487,-1.0927,-2.6467,-2.8002,-1.0385,-2.4436,-0.73084,1.5297,-10.153,3.5323,5.8589,-0.039899,0.10723,0.022497,0.051716,-0.18426,-0.18596,-0.15119,0.084343,-0.044133,0.19106,-0.21894,-0.030273
31.866,0.0013579,0.02312,4.369,-0.073587,-0.020008,0.60711,0.64201,-0.58955,1,2,0.96,183.29,0.6,0,0,-0.25502,0.014687,0.014687,0.49268,-0.43705,-0.062028,-0.32559,0.11692,-0.052071,0.84707,-0.46854,0.0064288,0.17575,-0.56802,-0.57963,-0.70836,-0.67608,-7.5484,-0.23054,-0.48033,0.93764,-3.055,4.345,11.275,-1.8851,8.1637,-2.2604,-2.8793,-4.559,-4.1834,-6.7722,-5.1341,1.0927,-5.8725,-1.8808,1.6304,-0.041663,0.075362,0.022667,0.043521,-0.22792,-0.20342,-0.10195,0.06719,0.029297,0.066768,-0.26608,0.019675
31.886,0.0042572,0.019985,3.1219,-0.054245,0.0051394,0.71327,1.2757,-1.1621,1,2,0.996,183.33,0.6,0,0,-0.26722,-0.0028611,0.0059129,0.50183,-0.40688,-0.23301,-0.33742,0.099374,-0.026894,0.76848,-0.37077,0.27399,-0.81557,-0.74717,-0.30988,0.63791,1.7208,-6.7077,-0.56756,-0.97949,1.192,-3.8066,5.1695,11.011,0.48872,13.609,-6.9374,-8.6975,-7.3833,2.1674,-5.7948,-4.6703,1.4837,0.84344,-2.9258,-4.7323,-0.065149,0.030759,0.039621,0.1742,-0.091786,-0.24405,-0.068453,-0.041302,0.090399,0.09873,-0.24011,-0.016235
31.913,0.00096675,0.02704,2.0287,-0.024163,0.025884,1.2964,0.89329,-0.99999,1,2,0.04,183.32,0.6,0,0,-0.28744,-0.031853,0.017739,0.51289,-0.41771,-0.15057,-0.36793,0.079156,-0.019265,0.6796,-0.35977,0.14147,-0.56913,-1.198,0.59876,0.28313,-0.7761,5.4884,-1.3218,-0.72109,0.019195,-3.3705,-0.35368,-10.719,4.3985,11.205,-6.1334,-4.9582,-3.0584,1.3214,-2.4436,-0.86681,-0.86264,4.6769,-1.1974,-2.9362,-0.11334,-0.040077,0.051569,0.37963,-0.24253,-0.011304,-0.06492,-0.092431,0.15893,-0.063269,-0.35961,-0.088966
31.933,0.001029,0.020377,2.3941,-0.0094824,0.040695,0.56537,0.57223,-0.50629,1,2,0.08,183.38,0.6,0,0,-0.27638,-0.058556,0.045586,0.50336,-0.43107,-0.090514,-0.38434,0.070382,-0.031472,0.62123,-0.38426,-0.21785,0.40777,-0.90683,1.0806,-0.50661,0.042337,-1.0213,-0.4281,-0.23955,-0.47253,-1.7766,-0.44246,-7.8391,2.5832,13.154,-5.3813,-5.4506,-3.0035,-3.9424,1.6058,0.28894,0.77062,0.72711,-1.1342,7.2329,-0.19601,0.029353,0.030656,0.41503,-0.2414,0.061351,-0.021418,-0.16438,0.15594,0.023475,-0.2689,-0.21911
31.968,0.0013421,0.034837,1.5376,-0.0068135,0.025956,0.087462,-0.23419,-0.3185,1,2,0.116,183.35,0.6,0,0,-0.2615,-0.058556,0.05436,0.50984,-0.3934,-0.16007,-0.37633,0.070382,-0.015831,0.59911,-0.39837,-0.048498,0.76119,0.33731,0.32467,0.51302,2.0492,-3.2503,0.60259,0.0057704,1.2455,-0.93216,0.21778,11.653,0.62835,9.0978,-2.8165,-5.4506,-3.3639,-2.3281,2.7229,-1.0028,0.40256,-6.7165,-5.8837,3.4562,-0.26947,0.0048132,0.040151,0.561,-0.31806,0.0059481,-0.074472,-0.29554,0.18468,0.039945,-0.3509,-0.2305
31.992,0.0010959,0.023884,0.96504,-0.015652,0.006223,-0.1601,-0.74166,0.34898,1,2,0.164,183.18,0.6,0,0,-0.24891,-0.030709,0.059319,0.53388,-0.35825,-0.2293,-0.31567,0.058175,0.029183,0.58309,-0.36805,0.20006,0.60151,0.91702,0.1856,0.98898,0.82656,-2.0535,2.4912,-0.66783,1.4588,-0.66891,0.66615,3.8817,-3.9796,4.1575,-2.1154,-0.31993,-1.2039,0.96556,0.76799,-6.8393,4.8732,-8.0845,-8.2529,-8.2429,-0.31987,0.072915,0.057113,0.64705,-0.30669,-0.011382,-0.050335,-0.24344,0.16595,0.11955,-0.16954,-0.1858
32.003,0.00087708,0.011028,1.4099,-0.024595,-0.00080882,-0.59235,-0.62748,0.35281,1,2,0.196,183.19,0.6,0,0,-0.24548,-0.01812,0.055505,0.58156,-0.39026,-0.1092,-0.276,0.059701,0.026513,0.55295,-0.40394,-0.11786,-0.19789,0.38133,-0.17169,2.3526,-1.5996,7.9058,1.5062,0.29868,-0.28567,-1.4867,-0.39846,-15.191,-6.7722,1.8866,-1.1847,5.4506,-2.3843,2.6554,-2.1643,-16.337,11.865,-9.847,-6.2049,-1.8457,-0.24265,0.091653,0.067207,0.57464,-0.29192,0.068753,-0.019379,-0.13393,0.077994,0.01608,-0.21637,-0.24751
32.025,0.0011876,0.021905,1.0118,-0.017503,0.0023512,0.28973,0.15218,-0.063222,1,2,0.24,183.21,0.6,0,0,-0.29622,-0.0066758,0.04406,0.69524,-0.43978,0.19136,-0.23899,0.086404,0.035286,0.52052,-0.39491,-0.23557,-2.0661,0.50085,-0.52719,4.3265,-1.119,6.269,0.85605,0.62375,0.8811,-0.66953,0.27347,2.8996,-2.0247,2.7656,-0.42557,0.49443,-0.6727,-6.1324,-0.34908,-19.496,8.2345,-9.2339,-6.3983,1.7975,-0.24976,0.014741,0.042185,0.47979,-0.26248,0.070784,0.047281,-0.0090677,0.11397,0.013647,-0.22885,-0.11944
32.041,0.00088499,0.015774,0.90028,-0.013636,0.0078076,0.13796,0.20511,0.38301,1,2,0.276,183.15,0.6,0,0,-0.35077,-0.0097276,0.043297,0.7887,-0.47796,0.016348,-0.23518,0.052453,0.069238,0.50717,-0.40365,-0.043473,-2.5883,-0.28716,0.13975,4.0146,-1.2842,-11.13,0.06646,-1.8876,1.2179,-0.56429,-0.1052,8.3644,-2.304,1.8866,-1.922,0.49443,-1.0106,-1.2429,-1.3265,-20.556,10.33,-8.9274,-9.0207,-5.3916,-0.18814,0.12108,-0.037293,0.38027,-0.24785,-0.064761,-0.064435,-0.09707,0.061165,0.085239,-0.24385,-0.068732
32.056,0.0010702,0.015462,0.7567,-0.0041116,0.012551,0.5545,0.3081,-0.020376,1,2,0.316,183.21,0.6,0,0,-0.40341,-0.0032425,0.04902,0.87263,-0.49176,-0.20158,-0.23709,0.021935,0.058938,0.51709,-0.39334,-0.06975,-2.5736,0.40932,0.33501,4.0756,-0.45035,-7.9867,-0.1464,-1.2858,-0.67063,0.6466,0.83776,-3.693,-0.62835,5.06,-0.90864,0.66894,0.0041171,7.9994,-0.34908,-17.992,10.224,-8.5442,-6.6734,-5.9668,-0.21039,0.0016916,0.055742,0.34168,-0.21516,-0.051928,-0.02909,-0.0082291,0.053654,0.084911,-0.26268,-0.14029
32.071,0.00089631,0.01521,1.2664,0.014687,0.016517,0.83695,0.17378,-0.54861,1,2,0.356,183.25,0.6,0,0,-0.44194,0.0040055,0.067712,0.94816,-0.52758,0.065541,-0.23861,0.003624,0.04406,0.52853,-0.36164,-0.24357,-1.6902,0.46871,0.88455,3.5494,-0.39985,16.537,0.071542,-0.84896,-0.5714,0.51342,1.9568,-7.6396,1.7454,3.8645,-2.4055,-4.044,-0.096906,1.5376,1.4662,-12.491,7.3063,-10.077,-7.8824,0.4668,-0.27642,-0.10772,0.15522,0.42914,-0.23942,0.090209,0.037314,0.02602,0.069122,0.032072,-0.26535,-0.16468
32.1,0.00097664,0.028572,2.1355,0.035824,0.010288,0.88919,-0.13932,-0.52672,1,2,0.4,183.31,0.6,0,0,-0.45453,0.020409,0.068093,0.98783,-0.50261,0.324,-0.22145,-0.0074388,0.053597,0.52701,-0.35186,-0.20899,-0.25591,0.77208,-0.27372,1.2241,1.0245,5.3359,0.80891,-0.613,0.7015,-0.24433,-0.062878,4.305,2.5832,4.7802,-4.1967,-9.6171,-1.7629,-12.889,-1.3265,-6.0979,1.3457,-5.2396,-5.215,2.5704,-0.28102,-0.13807,0.17352,0.41638,-0.20807,0.12363,0.043251,0.074527,0.060471,0.059112,-0.15638,0.023277
32.115,0.0009318,0.014866,2.3412,0.040495,0.0054657,0.52474,-0.46506,-0.42925,1,2,0.436,183.33,0.6,0,0,-0.44118,0.031472,0.050927,0.97066,-0.51536,0.019057,-0.20924,-0.026131,0.073816,0.51633,-0.37149,-0.031327,0.83235,0.58216,-0.9749,-1.2598,1.2212,-20.894,0.7324,-0.99486,1.0665,-0.55511,-0.77674,9.7548,1.8851,1.0368,0.10352,-9.5404,1.1501,-3.2341,-3.5607,-0.73084,-1.9945,-3.7626,-4.2389,-2.4733,-0.21877,-0.00098854,0.041977,0.29086,-0.30786,-0.067263,-0.062715,0.020884,0.051856,0.025501,-0.14863,0.095044
32.142,0.00084271,0.027446,3.0824,0.053797,-0.00042103,0.48849,-0.31606,-0.17222,1,2,0.48,183.33,0.6,0,0,-0.42096,0.039483,0.038338,0.90047,-0.44511,-0.33922,-0.18902,-0.039483,0.075341,0.51633,-0.3925,-0.010605,1.0018,0.52784,-0.4072,-3.5286,3.0189,-7.4753,0.90883,-0.44664,-0.34956,0.32596,-0.62061,-2.4464,-4.957,-10.971,6.704,-0.84344,-5.1002,12.947,-1.4662,4.6337,1.2767,-9.9236,-8.6268,-5.9656,-0.22014,-0.016278,0.070453,0.29552,-0.25601,-0.074699,0.022768,0.03519,0.03384,0.017765,0.066676,0.1943
32.162,0.0046071,0.019986,3.137,0.054742,0.00099356,0.18815,0.055143,0.2125,1,2,0.52,183.38,0.6,0,0,-0.40684,0.038338,0.056649,0.83219,-0.45413,0.17692,-0.1772,-0.035286,0.065805,0.5354,-0.37263,-0.14113,0.55447,-0.3745,1.1956,-3.3718,3.7601,26.987,0.45579,0.44903,-0.2251,0.93525,1.3323,-5.4975,-6.0741,-11.79,5.511,4.3253,-2.2316,-0.68223,0.069817,4.9634,-0.86264,-9.1573,-5.0299,1.2589,-0.19047,-0.048134,0.088427,0.27188,-0.2121,0.13202,0.060867,0.020498,-0.0066893,0.17284,0.19622,0.22952
32.186,0.0011457,0.023344,2.9366,0.050993,0.005161,-0.1464,0.20537,1.0469,1,2,0.56,183.45,0.6,0,0,-0.41867,0.027276,0.074578,0.77382,-0.39785,0.42572,-0.18139,-0.029183,0.07763,0.53883,-0.36394,-0.076546,-0.64889,-0.56857,0.62504,-2.7924,1.4232,2.9363,-0.33425,0.11096,0.60858,-0.084314,0.28415,5.2571,-1.1869,-5.8385,1.0927,0.78527,-4.6315,-11.889,-3.8399,4.5238,-3.9712,-7.1385,-3.552,3.624,-0.12471,0.055884,-0.029429,0.039995,-0.32831,0.21235,-0.055068,0.033778,0.021582,0.24765,0.06587,0.21576
32.204,0.0008543,0.018514,2.6719,0.044233,0.014774,-0.42687,0.59522,1.1155,1,2,0.6,183.53,0.6,0,0,-0.43393,0.0093462,0.076104,0.72919,-0.42859,-0.12108,-0.18521,-0.028038,0.081827,0.52319,-0.34771,0.14761,-0.73342,-0.73653,-0.080365,-2.1218,3.4763,-32.197,-0.089872,0.098614,0.08401,-0.83017,1.8006,11.136,1.1869,-1.9546,1.0237,2.1813,-3.4625,0.47756,-2.1643,4.2674,-3.9211,-10.23,-0.95049,0.73968,-0.16827,0.44472,-0.18921,0.025846,-0.34413,-0.13498,-0.15318,0.079374,0.098116,0.61978,-0.27742,0.078936
32.222,0.00095606,0.018158,2.1229,0.03114,0.020082,-0.86389,0.35965,1.6296,1,2,0.636,183.6,0.6,0,0,-0.44614,0.0032425,0.068475,0.69066,-0.36933,-0.4723,-0.17414,-0.022316,0.07496,0.52701,-0.30081,0.18576,-0.7396,-0.3295,-0.16159,-2.1292,2.7298,-11.106,0.91464,0.29405,-0.51389,0.37271,2.1834,0.40893,4.1192,-3.6813,-0.51758,2.8793,-6.8753,10.572,-3.0021,2.0566,-2.9374,-4.3956,5.5206,1.2042,-0.16039,0.20091,-0.11228,0.06558,-0.27797,-0.18179,-0.19786,0.032314,0.095302,0.51617,-0.36021,0.044539
32.257,0.0011503,0.034367,1.8006,-0.0165,0.026747,-1.7761,0.2907,1.3262,1,2,0.676,183.7,0.6,0,0,-0.44156,-0.010109,0.07496,0.66014,-0.4448,0.15064,-0.15621,-0.00095369,0.037194,0.53731,-0.27378,0.11018,0.47329,-0.74702,0.36481,-1.2685,2.4632,32.774,0.73728,1.158,-2.0542,0.42752,1.5848,-2.8701,4.8174,-0.18696,-2.6956,-2.4722,-0.40726,1.4761,-4.1192,0.15297,0.97766,-0.14542,4.9414,4.1462,-0.011475,0.0043126,-0.061719,0.12572,-0.32581,0.087692,-0.25882,0.090674,-0.098411,0.42324,-0.26527,0.038368
32.276,0.00095203,0.019352,2.1666,-0.030495,0.022365,-1.46,-0.37259,0.79878,1,2,0.716,183.72,0.6,0,0,-0.43927,-0.030709,0.075723,0.65976,-0.35397,0.47001,-0.15393,0.0059129,0.016213,0.55829,-0.25825,0.11997,-0.077187,-1.1997,-0.35114,0.28662,3.2326,4.2932,-0.0021932,0.086559,-0.57901,1.3316,0.50276,1.1843,7.4392,18.907,-6.9114,-15.403,-8.876,-9.775,-8.9917,3.022,1.4837,10.46,-0.95645,1.5366,-0.087387,-0.044836,-0.028598,0.033413,-0.33064,-0.07996,-0.2422,0.097822,-0.053209,0.39578,-0.2143,0.032626
32.313,0.0043964,0.036942,3.2582,-0.055828,0.010824,-1.46,-0.37259,0.79878,1,2,0.756,183.76,0.6,0,0,-0.43927,-0.030709,0.075723,0.65976,-0.35397,0.47001,-0.15393,0.0059129,0.016213,0.55829,-0.25825,0.11997,-0.077187,-1.1997,-0.35114,0.28662,3.2326,4.2932,-0.0021932,0.086559,-0.57901,1.3316,0.50276,1.1843,7.4392,18.907,-6.9114,-15.403,-8.876,-9.775,-8.9917,3.022,1.4837,10.46,-0.95645,1.5366,-0.11177,-0.054271,0.014727,0.047427,-0.33901,-0.13811,-0.20903,0.13308,-0.059993,0.33305,-0.18117,0.019054
32.355,0.0046227,0.04212,4.3222,-0.075193,0.006069,-0.5212,-0.079784,-1.5636,1,2,0.796,183.79,0.6,0,0,-0.39502,0.050927,-0.029946,0.64527,-0.37839,-0.25123,-0.28019,0.047875,0.079156,0.82151,-0.41019,0.0057967,1.0136,1.3522,-0.53546,0.14462,-5.1914,16.109,-3.3237,0.64894,1.08,6.6909,-5.3421,-7.595,2.8625,11.127,-4.8732,-10.996,-5.2585,8.4148,-3.5607,-0.15297,-2.4538,-1.7741,-1.6474,0.53974,-0.098173,-0.029289,0.010215,0.15921,-0.24555,0.028354,-0.17012,0.082795,-0.014501,0.32319,-0.2618,0.014327
32.389,0.00065685,0.034202,5.6385,-0.09841,0.00022924,-0.62546,-0.12163,-0.78257,1,2,0.84,183.88,0.6,0,0,-0.2924,0.053216,-0.060082,0.52472,-0.51243,-0.014789,-0.41066,0.063134,-0.0082017,0.97982,-0.57857,0.16681,2.1475,-0.35232,-0.34575,-2.6321,0.082235,-28.923,-1.598,-0.69033,-2.0526,0.63585,-0.22495,9.1891,-6.6326,-8.2385,5.4591,-4.8176,-2.6628,-4.874,2.4436,2.8022,-0.95465,-11.303,4.079,-3.5523,-0.10622,0.055062,0.0027286,0.19548,-0.28064,0.20058,-0.1975,0.039029,0.02809,0.27988,-0.29473,0.10372
32.424,0.0009167,0.034513,4.3307,-0.07492,0.010017,0.10314,0.28776,-1.3088,1,2,0.88,183.97,0.6,0,0,-0.24968,0.058938,-0.089456,0.48466,-0.43837,-0.41551,-0.4366,0.058175,-0.04139,0.92641,-0.54738,0.041777,1.0905,0.25677,-0.83989,-1.3667,1.2833,-0.97994,-0.8399,-0.01673,-1.0425,-2.8732,1.9907,-9.4954,-6.6326,-10.698,6.1853,-2.5885,-1.4234,12.86,2.304,5.616,-0.21853,-5.9429,2.8895,-1.8748,-0.07243,0.066859,-0.087278,0.033076,-0.32294,0.017928,-0.16886,0.10059,-0.044945,0.23069,-0.25382,0.045356
32.44,0.0044832,0.016454,3.0084,-0.046711,0.023986,1.0941,0.62801,-0.84557,1,2,0.916,183.95,0.6,0,0,-0.25311,0.016594,-0.015831,0.47436,-0.46417,0.29237,-0.43698,0.066567,-0.043297,0.76848,-0.44083,-0.093688,-0.40715,-1.5426,2.518,-0.010689,1.0176,7.371,0.18191,0.15637,0.43273,-5.0317,2.7599,4.2639,-4.957,-1.9886,-0.70161,0.029084,-2.3161,-12.73,3.5607,3.8278,-1.0007,4.6066,-3.0225,3.6613,-0.058378,0.12401,-0.037923,0.017127,-0.32191,0.0012416,-0.15996,0.081703,-0.027304,0.13286,-0.21726,0.0099714
32.461,0.0012679,0.021101,2.1804,-0.019879,0.032452,1.1042,0.48983,-0.62944,1,2,0.96,184.02,0.6,0,0,-0.26265,-0.032998,0.0051499,0.52625,-0.4427,-0.28114,-0.42401,0.073434,-0.022698,0.65061,-0.39695,0.19116,-0.60012,-0.78145,-0.17656,1.9027,2.9691,-13.032,0.40169,0.15175,0.45756,-2.6431,0.10186,3.1179,-1.1869,3.5714,1.3917,-1.3088,-5.305,11.354,3.421,0.35692,0.49458,8.391,-4.5599,-4.4316,-0.11306,0.055574,0.0048893,0.20983,0.011651,-0.09567,-0.13003,0.024244,0.072278,0.093863,-0.23967,0.012284
32.49,0.0010358,0.028394,1.1737,0.0083028,0.018728,1.6283,-0.44898,-0.59346,1,2,0.996,183.93,0.6,0,0,-0.27981,-0.037957,0.020027,0.58995,-0.43652,0.22172,-0.42363,0.076867,0.0017166,0.64755,-0.41143,-0.044926,-0.55347,-0.14393,1.0596,2.8566,3.9914,25.527,-0.026639,0.47811,1.137,0.92149,0.9835,-12.301,-3.7003,8.2385,-2.3813,-1.7741,-4.3003,0.1722,3.0021,-5.5419,-0.40256,-4.4659,-8.9121,3.5069,-0.20944,-0.089641,0.032739,0.46735,-0.29076,0.067406,-0.099141,0.0019336,0.18356,-0.064477,-0.37106,0.17459
32.513,0.0010388,0.023652,0.49419,0.0065457,0.0056168,-0.079848,-1.0449,0.27766,1,2,0.036,183.73,0.6,0,0,-0.2821,-0.053216,0.043297,0.64069,-0.4216,0.34747,-0.41485,0.08793,0.0028611,0.7105,-0.3755,-0.07039,0.4065,-0.94562,0.57687,1.9269,-1.9099,-6.8212,0.52797,0.19596,-0.15156,2.1739,0.88344,3.9643,-3.0021,11.985,-6.1593,-14.619,-1.5935,-10.387,3.9796,-1.9206,-1.656,-6.4352,-5.4736,4.486,-0.22569,0.071539,-0.0098644,0.51849,-0.21643,0.037417,-0.16993,-0.27301,0.21236,0.11309,-0.34413,-0.095527
32.555,0.0010557,0.041737,1.7355,-0.010016,-0.028588,-0.35017,-1.0895,0.90574,1,2,0.08,183.55,0.6,0,0,-0.25463,-0.034905,0.013542,0.6323,-0.45314,-0.26254,-0.39578,0.097848,-0.013542,0.70706,-0.37975,0.1659,1.2198,1.1228,-1.3633,-0.9452,4.1068,-29.729,1.0513,0.5653,-0.84346,-0.62702,0.08311,9.9039,-5.6552,9.9198,-0.33355,-13.444,-1.9823,4.6923,1.1869,-4.5971,2.744,-11.533,-5.1818,-2.771,-0.22241,0.024456,-0.058078,0.65299,-0.28333,-0.088035,-0.2072,-0.33624,0.20482,-0.032527,-0.45794,-0.047936
32.571,0.00096656,0.016062,2.7857,-0.019949,-0.044342,-0.38678,-0.47842,0.5102,1,2,0.116,183.5,0.6,0,0,-0.22488,-0.0089647,0.0032425,0.65442,-0.44475,0.058985,-0.32673,0.092126,-0.0020981,0.66587,-0.40833,-0.053847,0.24067,1.4607,-0.16049,0.51104,2.1607,18.855,2.465,-0.28376,0.34045,-1.87,-0.51821,-11.551,-4.5381,7.7527,-1.1157,-5.5209,1.1176,-3.3227,-3.8399,-7.5066,4.9233,-8.1611,-3.0432,1.1588,-0.20939,0.066859,0.051031,0.66961,-0.33796,0.05214,-0.026761,-0.093075,0.094827,0.030085,-0.25677,-0.24366
32.603,0.00094211,0.032083,2.27,-0.030644,-0.025115,-0.23113,0.79716,0.83054,1,2,0.16,183.49,0.6,0,0,-0.28973,0.02079,-0.00057221,0.67769,-0.36422,0.0066607,-0.29965,0.097848,0.029183,0.58118,-0.39955,0.1001,-2.4476,0.9882,-0.5215,1.5809,1.7701,-14.116,0.16972,-0.33675,1.6168,-0.82988,2.2043,8.2987,-4.1192,1.8526,0.44857,6.3648,-2.9477,-0.49156,-3.2814,-20.085,11.168,-10.077,-9.6828,-3.0772,-0.29284,0.08787,-0.0071164,0.68368,-0.30624,-0.06226,-0.060628,-0.21325,0.16547,0.056914,-0.22639,-0.20103
32.642,0.0010009,0.038667,2.0602,-0.032836,0.014655,-0.1761,1.3065,0.63758,1,2,0.204,183.5,0.6,0,0,-0.36831,0.026894,0.0017166,0.74521,-0.35518,-0.21541,-0.31987,0.068475,0.038338,0.58232,-0.39848,0.01661,-3.1961,-0.30672,0.36329,3.1273,-0.39891,-3.9599,-0.97418,-1.3812,0.043459,0.0077942,-0.65508,-6.8077,1.8851,2.8755,-2.0912,6.5055,-4.1509,6.1494,-3.2814,-28.527,15.893,-12.581,-9.9103,-4.5613,-0.32317,0.15536,-0.012341,0.62239,-0.25827,-0.020984,0.0035098,-0.13998,0.085765,0.11521,-0.18192,-0.15602
32.658,0.00093868,0.015695,2.037,-0.022664,0.027395,0.67095,1.1243,-0.091087,1,2,0.24,183.52,0.6,0,0,-0.42096,0.012398,0.0024796,0.81922,-0.41408,0.00019806,-0.33703,0.053597,0.034524,0.57889,-0.42237,-0.131,-2.902,-0.91029,0.1137,4.1355,-2.7056,13.287,-0.74106,-0.80483,-0.19184,-0.17812,-0.95923,-6.9188,4.8174,6.2092,-1.1157,7.9312,-2.3759,1.3652,1.0473,-24.548,13.628,-15.325,-8.5151,-1.0759,-0.35784,0.013809,0.042784,0.53464,-0.25081,0.074935,0.034692,0.0083402,0.087028,0.091037,-0.23335,-0.19318
32.687,0.0051251,0.029608,1.8744,0.019781,0.026058,0.85799,-0.32094,-0.67078,1,2,0.28,183.47,0.6,0,0,-0.4633,0.014305,0.022698,0.98516,-0.51769,0.15495,-0.30461,0.010109,0.059701,0.56973,-0.41866,-0.13321,-0.44254,0.49804,0.80902,4.6525,-3.251,-8.369,1.4102,-1.8255,0.88181,-0.63435,0.18165,0.97458,1.4662,5.7273,-1.4607,0.5526,1.2946,-8.0007,2.0247,-14.036,7.7571,-10.23,-5.7948,-2.7699,-0.3174,-0.016527,0.081708,0.43879,-0.25511,0.042666,0.0063698,0.035742,0.051694,0.18451,-0.19727,-0.1618
32.709,0.00093481,0.022098,1.9664,0.032919,0.0097113,0.68875,-0.9117,-0.52979,1,2,0.316,183.47,0.6,0,0,-0.45949,0.034905,0.026894,1.0695,-0.52642,-0.32689,-0.27104,-0.027276,0.068093,0.55104,-0.40614,-0.12909,0.20663,0.99065,0.039222,3.628,2.7994,-21.134,1.4684,-1.5736,0.36925,-0.80141,0.60552,0.00077111,-2.7229,2.8388,-1.8495,-3.6923,-0.99479,7.9873,-1.3265,-14.58,8.5262,-8.1611,-4.7776,-2.673,-0.29497,0.032949,0.046748,0.43319,-0.29081,-0.12298,-0.06378,0.039001,0.05967,0.079766,-0.27979,-0.20669
32.734,0.00096579,0.025021,3.0618,0.053381,-0.0024931,0.87088,-0.63964,-0.39858,1,2,0.356,183.5,0.6,0,0,-0.45796,0.053979,0.026131,1.1229,-0.55363,-0.081922,-0.24281,-0.056649,0.071908,0.53998,-0.38798,-0.13919,0.12932,0.90123,-0.071235,2.1259,-0.40218,19.663,1.2716,-1.3253,0.11727,-0.33236,0.897,-0.2661,-6.493,3.2051,-1.922,-9.4638,1.8835,5.0018,-0.20945,-6.0609,4.3971,-5.5209,-3.61,-2.1645,-0.26996,-0.13799,0.19332,0.49403,-0.29037,0.029067,0.03274,0.036216,0.031098,-0.024612,-0.35237,-0.14152
32.766,0.0010192,0.031445,4.0975,0.07143,-0.0034783,0.46424,-0.059255,0.28507,1,2,0.404,183.52,0.6,0,0,-0.4675,0.071908,0.013924,1.121,-0.47061,0.3864,-0.21687,-0.070764,0.081064,0.53693,-0.37665,-0.15135,-0.3417,0.77688,-0.87356,-0.85271,2.5814,4.6532,0.65723,-0.1069,0.48273,-0.12123,0.20555,-0.55731,-6.9217,-3.9011,3.7958,-8.391,-2.3633,-10.89,4.1192,1.1727,1.2767,-4.8879,-4.1976,-2.1574,-0.26038,-0.1117,0.17279,0.43467,-0.18039,0.079367,0.0043882,0.086842,0.051604,0.047623,-0.19438,-0.0022158
32.782,0.00088207,0.016579,4.4956,0.078431,-0.0022011,0.39533,0.11054,0.62964,1,2,0.44,183.52,0.6,0,0,-0.4736,0.091363,-0.0024796,1.0374,-0.46204,-0.18917,-0.21572,-0.065423,0.089075,0.54837,-0.38264,-0.1359,-0.23302,0.63205,-0.3538,-3.7287,4.5416,-25.089,-0.031941,-0.12394,0.25254,0.69442,-0.29726,0.58729,-3.9796,-7.678,4.8732,-5.8725,-4.1819,3.6171,1.1869,7.0247,-3.2516,-2.7048,-3.2529,-2.0023,-0.29447,0.030881,0.047967,0.42798,-0.21567,-0.10684,-0.017704,0.02021,0.089137,0.0081403,0.033156,0.12692
32.803,0.0010102,0.020784,4.568,0.079706,-0.0018249,0.16953,0.13383,1.1719,1,2,0.476,183.55,0.6,0,0,-0.47971,0.092889,0.0032425,0.95197,-0.42593,-0.35663,-0.22374,-0.066949,0.096704,0.56172,-0.39355,-0.15589,-0.36608,-0.018267,0.35299,-4.8306,1.1437,-4.0448,-0.46698,-0.058347,0.45211,0.69788,-0.69332,-1.3442,-2.304,-5.8014,2.8165,-0.72711,-5.6323,9.6618,-2.1643,7.7527,-4.1716,-6.4352,-4.3486,-1.8347,-0.21273,-4.4145e-06,0.10543,0.28138,-0.19403,-0.082605,-0.0087316,-0.022441,0.053661,0.024412,-0.057736,0.12842
32.828,0.0012072,0.025102,3.6609,0.063884,-0.0012312,-0.45881,0.21807,2.0183,1,2,0.516,183.58,0.6,0,0,-0.48352,0.073816,0.040627,0.836,-0.45684,0.26577,-0.20962,-0.059701,0.088312,0.56935,-0.41959,-0.14753,-0.038544,-1.0105,1.7537,-4.0708,3.0974,23.641,0.93502,0.35244,-0.48624,0.057397,-1.0894,1.6248,1.6058,-12.53,6.2112,7.0681,-2.6507,-9.294,-0.48872,7.3954,-3.9462,-13.13,-6.2827,-0.41278,-0.20462,0.038769,0.019524,0.22883,-0.24331,0.092439,-0.0019797,0.0053097,-0.032513,0.21232,0.074228,0.15902
32.844,0.0044109,0.015502,2.943,0.050951,-0.0065083,-0.91072,-0.21973,2.4333,1,2,0.556,183.59,0.6,0,0,-0.49115,0.040627,0.0906,0.77153,-0.46629,0.27313,-0.16613,-0.04902,0.078393,0.55409,-0.4489,-0.047564,-0.26366,-1.5243,2.1042,-2.2218,-1.405,-8.2304,1.9166,0.5541,-0.38841,-0.72312,-0.88958,4.8699,3.1418,-8.8736,1.3687,8.1611,0.71639,-9.6994,-6.2137,7.5437,-2.8648,-10.767,-0.85725,0.33458,-0.11717,0.17079,-0.085242,-0.0030149,-0.3557,-0.046103,-0.095402,0.013719,0.029659,0.43026,-0.20015,0.071156
32.881,0.0051455,0.036961,1.519,0.022872,-0.013408,-1.2985,-0.162,2.4798,1,2,0.596,183.51,0.6,0,0,-0.50298,0.0085832,0.11463,0.75513,-0.43492,-0.31345,-0.12989,-0.026131,0.080301,0.53159,-0.42694,0.092414,-0.6584,-1.4307,0.71369,-0.46489,6.4179,-27.11,1.4806,1.1908,0.15912,-1.1139,1.9102,6.4793,5.2363,-0.52689,-1.4147,4.1846,-2.8634,6.3542,-8.8623,2.2265,-1.2307,-8.9274,1.7681,-0.55477,-0.25832,0.3338,-0.059867,-0.027456,-0.29561,-0.40917,-0.088073,0.053272,0.11564,0.57084,-0.32043,0.025001
32.919,0.00845,0.038309,1.0346,-0.01331,-0.012203,-1.6943,0.05456,2.1141,1,2,0.636,183.52,0.6,0,0,-0.51251,-0.022698,0.1154,0.75322,-0.41976,-0.25213,-0.10929,0.0017166,0.073816,0.51671,-0.34111,0.13576,-0.31116,-1.3927,-0.12434,-0.15477,-0.81228,14.157,0.87669,1.0913,-0.54381,-0.33946,3.8713,0.30464,6.7923,3.2784,0.40256,-2.1232,-3.0904,6.4881,-10.544,-1.1388,0.77062,-10.537,-1.4085,-0.628,-0.13759,0.0038962,-0.0024281,0.071046,-0.27576,-0.19656,-0.12743,0.072581,-0.02413,0.44378,-0.31,0.030207
32.957,0.0065253,0.037798,4.4629,-0.077617,-0.0065598,-2.1616,0.27182,0.75402,1,2,0.676,183.47,0.6,0,0,-0.51022,-0.037957,0.09823,0.74483,-0.33722,0.39575,-0.11044,0.026513,0.029946,0.54341,-0.29925,0.048917,-0.14643,-0.64684,-0.30953,-0.29013,3.8781,7.1162,-0.3504,0.57396,-1.4447,1.4105,0.70488,-0.72844,11.062,12.102,-6.5224,-15.168,-12.43,-10.577,-9.768,-1.4787,-0.35656,2.2395,-0.3585,1.5201,-0.092698,-0.061362,-0.0062287,0.10851,-0.28424,-0.14704,-0.20427,0.11293,-0.056511,0.4179,-0.22182,0.0029668
32.994,0.0011978,0.037054,6.5443,-0.1119,-0.022948,-0.20867,-0.57022,-1.6336,1,2,0.716,183.46,0.6,0,0,-0.46941,-0.021553,0.038338,0.71965,-0.29372,-0.25548,-0.17834,0.021935,0.028038,0.68837,-0.33966,0.1146,1.1888,0.013519,-0.028549,-0.19052,1.3493,-9.5859,-2.1032,-0.25955,0.57552,5.021,-2.3269,-0.63332,1.8851,22.088,-9.0301,-26.04,-7.9837,-1.5351,-4.5381,1.1727,1.7769,7.8546,-3.9843,-2.0774,-0.20191,0.070996,-0.065574,0.058266,-0.24559,-0.13785,-0.16103,0.057054,-0.035346,0.46532,-0.24405,0.070689
