t_s,low_state_age_s,tick_dt_s,tilt_deg,roll,pitch,gx,gy,gz,walking,gait_freq,gait_process,goal_x,goal_y,heading_err,q0,q1,q2,q3,q4,q5,q6,q7,q8,q9,q10,q11,dq0,dq1,dq2,dq3,dq4,dq5,dq6,dq7,dq8,dq9,dq10,dq11,tau0,tau1,tau2,tau3,tau4,tau5,tau6,tau7,tau8,tau9,tau10,tau11,act0,act1,act2,act3,act4,act5,act6,act7,act8,act9,act10,act11
16.224,0.0057283,0,8.1625,0.0027385,0.14244,-0.003492,-0.014748,0.0068482,1,2,0.04,1,0,0,-0.20771,-0.0051499,0.00095369,0.39731,-0.27294,-0.0037905,-0.19741,-0.00019074,-0.0020981,0.40494,-0.2645,0.001318,-0.010286,-0.0042323,0.012639,-0.0029829,0.00030543,0.024338,0.0072706,0.0049867,0.0063368,0.00073752,-0.0014998,0.025531,2.5832,1.8526,0.44857,0.43626,6.2053,1.0564,-0.20945,-0.62886,0.26454,-1.367,3.2388,-0.60515,-0.050121,0.0027924,0.052722,0.17749,-0.07661,-0.1098,0.07613,-0.088148,0.17173,-0.066182,-0.27665,-0.1792
16.241,0.0012415,0.016529,8.1531,0.0027014,0.14227,-0.0040351,-0.01485,0.0045897,1,2,0.076,1,0,0,-0.20771,-0.0051499,0.00095369,0.39731,-0.27267,-0.0042792,-0.19741,-0.00019074,-0.0020981,0.40494,-0.2645,0.0013175,-0.0022404,-0.0039882,0.0057787,-0.0052556,-0.0069421,0.013808,0.0031919,-0.0046211,0.007368,-0.00030952,0.0028729,0.009578,3.421,1.7506,-0.33355,0.61077,5.9163,1.1289,-1.0473,-0.016996,-0.057509,-1.1343,2.835,-0.21437,-0.15482,0.024629,0.021183,0.41397,-0.22809,-0.013639,0.1025,-0.21715,0.19395,-0.088152,-0.30192,-0.23625
16.289,0.013806,0.048392,8.1046,0.0025205,0.14143,-0.0030046,-0.014274,-0.00030417,1,2,0.12,1,0,0,-0.20771,-0.0051499,0.00095369,0.39731,-0.27267,-0.0042792,-0.19741,-0.00019074,-0.0020981,0.40494,-0.2645,0.0013175,-0.003586,-0.0031178,0.0072708,-0.0033576,-0.0018036,0.0056546,-8.0739e-05,0.0016914,-0.0018038,0.0077856,0.012002,-0.0026999,3.0021,1.2407,-0.35656,0.66894,5.8881,1.0193,-0.62835,-0.39092,0.6556,-1.3088,3.4373,-0.71255,-0.24107,0.042217,0.030595,0.51253,-0.29483,0.026821,0.10548,-0.21839,0.15494,-0.041579,-0.28719,-0.24544
16.324,0.0011387,0.034803,8.1248,0.0023883,0.14179,0.0002263,0.0053419,-3.9214e-05,1,2,0.156,1,0,0,-0.21038,-0.0059129,0.00095369,0.39731,-0.28123,-0.0092133,-0.19741,-0.00019074,-0.0024796,0.4057,-0.26843,0.0035113,-0.15997,-0.018836,-0.014454,-0.0039385,-0.52564,-0.39135,-0.017214,0.019061,-0.018772,0.056269,-0.25091,0.15019,1.3265,-0.18696,-0.011502,0.26176,2.1663,0.55493,0.069817,-0.39092,0.37956,-0.66894,0.31098,0.038906,-0.27929,0.045911,0.039277,0.54116,-0.29976,0.032158,0.10091,-0.20961,0.13687,-0.020115,-0.27057,-0.2432
16.346,0.00097885,0.021981,7.7884,-0.0037721,0.13588,-0.070832,-0.0041531,0.026614,1,2,0.2,1,0,0,-0.21229,-0.0032425,0.0032425,0.40227,-0.30046,-0.024251,-0.19398,0.00057221,0.0085832,0.41295,-0.27894,-0.018022,-0.13409,0.066389,0.20087,0.4143,-0.81617,-0.83808,0.27812,-0.093224,0.91674,0.23551,-0.71424,-1.7302,-3.421,0.76484,1.4147,8.0845,0.97405,-0.62586,3.7003,-5.8014,6.1334,-4.9582,-3.8474,-3.6372,-0.30082,0.067706,0.045793,0.5284,-0.28672,0.026362,0.12917,-0.18431,0.12627,0.020666,-0.22127,-0.22617
16.386,0.0014298,0.040125,6.6476,-0.0088639,0.11568,-0.18796,-0.626,0.16886,1,2,0.248,1,0,0,-0.27943,0.0047684,0.027276,0.60941,-0.37941,0.0044685,-0.14782,0.016594,0.073816,0.41104,-0.36934,-0.089836,-1.188,-0.1567,0.44635,4.5654,-1.4848,2.3172,1.2265,-0.0031592,0.51604,-0.024613,-0.57682,-0.49067,-3.8399,1.8866,-0.35656,3.6923,-1.2938,-0.4983,2.304,-17.519,8.4997,-6.5055,-6.8103,-5.0199,-0.28646,0.10194,0.02792,0.49873,-0.29279,0.032696,0.13357,-0.14224,0.13643,0.013363,-0.2556,-0.20692
16.417,0.0067964,0.030994,5.6103,-0.0083385,0.097564,-0.039305,-0.72096,0.017754,1,2,0.28,1,0,0,-0.30995,0.0047684,0.031472,0.70516,-0.41576,0.025175,-0.12837,0.012779,0.074197,0.41295,-0.37857,-0.11695,-1.7183,-0.0013791,0.22119,5.4361,-2.1072,1.0818,0.99316,-0.2584,0.049934,0.12864,-0.56592,-1.5438,-5.0966,2.7289,-0.86264,1.3088,-1.2715,-0.87078,0.34908,-18.426,8.8975,-6.2242,-5.7948,-5.1249,-0.25117,0.079722,0.033069,0.44333,-0.28253,0.034163,0.10576,-0.092542,0.10462,-0.013982,-0.30387,-0.18555
16.458,0.0055496,0.040866,4.6728,-0.0077516,0.081188,0.023407,-0.41021,-0.0047312,1,2,0.328,1,0,0,-0.40036,0.010109,0.046731,0.92451,-0.52118,0.011687,-0.097467,-0.0097276,0.074197,0.43088,-0.40598,-0.13794,-2.2759,0.14437,0.44796,4.7069,-2.3024,0.22901,0.59769,-0.80603,0.0061861,0.5602,-0.54302,-0.058949,-3.9796,4.3407,-1.3687,-6.9275,0.43368,0.67403,0.76799,-15.706,6.678,-4.6066,-3.9166,-4.4882,-0.22213,0.062876,0.041816,0.37208,-0.28013,0.016951,0.10162,-0.062257,0.044976,0.035469,-0.3381,-0.15183
16.476,0.0011916,0.018403,4.238,-0.0059057,0.073731,0.11723,-0.41709,-0.15427,1,2,0.364,1,0,0,-0.4427,0.01545,0.055505,0.99203,-0.55022,0.044206,-0.089075,-0.034524,0.074197,0.44537,-0.41216,-0.13872,-1.5259,0.22745,0.28838,2.2885,-0.82252,1.296,0.39416,-1.0307,0.019709,0.59197,-0.11837,-0.085444,-2.5832,4.2308,-1.2537,-6.5055,0.41518,-0.56299,0.76799,-12.53,5.8481,-4.8879,-3.7085,-4.2825,-0.20282,0.029666,0.037675,0.32708,-0.34252,0.0047245,0.066501,-0.032146,0.038127,0.036658,-0.36333,-0.15829
16.524,0.0049676,0.048139,3.4503,0.0024768,0.060168,0.22051,-0.32499,-0.28033,1,2,0.396,1,0,0,-0.46597,0.035286,0.05436,0.99622,-0.54516,0.021984,-0.076867,-0.058938,0.084878,0.46063,-0.41655,-0.13716,-0.52287,0.81856,-0.12971,-0.59595,0.35418,-1.4302,0.45166,-0.72537,0.63035,0.41927,-0.30891,0.078424,-2.7229,3.8278,-0.93165,-4.8176,0.3007,0.044222,-0.069817,-7.173,4.1967,-5.1692,-2.5636,-3.7953,-0.20208,0.00091709,0.05728,0.32997,-0.3394,0.0049921,0.079561,-0.016933,0.056604,0.01958,-0.32382,-0.17345
16.558,0.001115,0.033491,3.1291,-0.00027643,0.054613,-0.01781,-0.27033,-0.44811,1,2,0.436,1,0,0,-0.46063,0.07229,0.043297,0.92107,-0.53359,0.03875,-0.056268,-0.073816,0.10243,0.46826,-0.45835,-0.12289,0.31327,0.9924,-0.30086,-2.6474,0.30408,1.9278,0.53055,-0.45437,0.33369,0.14864,-1.3449,0.17261,-0.76799,0.39092,-0.26454,-0.26176,-0.48789,0.17882,-4.3985,-1.8866,0.77062,-7.0681,-2.6598,-3.2053,-0.18452,0.0048723,0.056073,0.30212,-0.33866,0.018013,0.11635,-0.013082,0.048531,0.022991,-0.2575,-0.15269
16.59,0.0053287,0.031883,3.4771,-0.015806,0.058595,-0.42612,0.080983,-0.16703,1,2,0.476,1,0,0,-0.45758,0.1009,0.022698,0.81884,-0.52646,0.022836,-0.045205,-0.077249,0.094415,0.4778,-0.4925,-0.099235,0.063018,0.83754,-0.67569,-2.9911,0.08745,-2.5901,0.089629,0.096563,-0.60035,0.33746,-0.92368,0.8223,3.421,-4.7436,1.7769,1.1925,-1.1597,-0.46884,-5.7948,0.15297,-1.8011,-6.3648,-3.2094,-2.7301,-0.16531,0.046394,-0.02369,0.22152,-0.37234,0.063896,0.11811,-0.010177,0.018026,0.12592,-0.09832,-0.10453
16.611,0.0013311,0.021595,3.853,-0.026054,0.062002,-0.34263,0.14113,-0.30513,1,2,0.516,1,0,0,-0.44308,0.086786,0.024987,0.78832,-0.48644,-0.060569,-0.049401,-0.094797,0.075723,0.50183,-0.52478,-0.12242,0.99538,-1.0875,0.41753,0.44445,1.3997,1.4152,-0.26354,-0.57011,-0.322,0.64827,-0.99183,-1.5528,2.0247,-3.6813,1.0237,-4.1143,-4.2146,2.8441,-6.493,5.6902,-2.2121,-6.2242,-3.0145,-1.2502,-0.054941,0.095902,-0.15687,0.1319,-0.38391,-0.022234,0.023312,-0.00097162,0.00040992,0.39049,-0.24657,-0.036303
16.628,0.00082762,0.017062,5.8616,-0.034338,0.096389,-0.056003,0.43657,-0.39694,1,2,0.556,1,0,0,-0.44156,0.043679,0.029946,0.79557,-0.48305,0.031242,-0.052071,-0.1051,0.074578,0.5045,-0.54808,-0.18746,-0.0015967,-1.1438,-0.045193,0.19923,-0.40451,-1.2233,0.019992,-0.15917,0.12743,-0.16052,-0.52482,-1.2075,5.0966,-3.2784,2.744,-4.8176,-3.0344,-0.77529,-8.0861,6.9135,-2.6473,-6.4352,-1.4515,0.43369,0.0089292,0.13741,-0.17871,0.16116,-0.37162,-0.014863,-0.12636,-0.039344,0.0031284,0.53933,-0.40737,0.05021
16.654,0.0010474,0.025208,6.9631,-0.039821,0.11485,-0.1889,0.76751,-0.29993,1,2,0.604,1,0,0,-0.43431,0.019265,0.044823,0.79023,-0.52381,0.05849,-0.044823,-0.11425,0.081827,0.47742,-0.5397,-0.16658,0.18084,-0.48387,0.63054,-0.14589,-0.25834,4.5628,0.20551,-0.047806,-0.06333,-0.79836,0.70622,2.056,5.3759,0.28894,-2.744,-10.077,-3.8479,0.19809,-4.5381,9.0604,-3.8459,0.029084,2.8299,1.6616,0.11152,0.094662,-0.15182,0.23357,-0.33763,0.076288,-0.23825,-0.039812,-0.025396,0.56051,-0.45,0.093927
16.677,0.0010079,0.02308,7.5091,-0.042982,0.12385,-0.13162,0.6313,-0.41345,1,2,0.636,1,0,0,-0.42363,0.014305,0.042153,0.78374,-0.52735,0.064953,-0.045205,-0.11196,0.074578,0.47055,-0.51244,-0.1184,0.75415,-0.37358,-0.14713,-0.3992,-0.25157,-0.31124,-0.02852,0.16776,-0.4662,-0.36927,1.8675,3.1127,5.9344,4.0842,-4.9233,-11.686,-3.8862,-0.74613,-5.3759,8.3879,-2.1879,2.8212,1.38,0.60478,0.14091,0.13363,-0.15528,0.25902,-0.28631,0.098193,-0.29639,-0.043996,-0.024422,0.57754,-0.46656,0.10897
16.694,0.0013578,0.017376,7.6773,-0.044161,0.12655,-0.089917,0.40031,-0.534,1,2,0.676,1,0,0,-0.40379,0.0062943,0.027657,0.76772,-0.532,-0.029022,-0.056649,-0.10815,0.050546,0.49344,-0.47579,-0.082093,1.1185,-0.33674,-0.89599,-0.82195,-0.072152,-4.2429,-0.74632,0.066228,-1.2549,1.5687,1.6076,1.5337,6.7923,6.7281,-7.5715,-14.776,-4.4499,0.28545,-6.9217,9.1725,-0.70161,9.0807,-0.96997,0.6273,0.13828,0.14767,-0.16192,0.26082,-0.27185,0.064564,-0.32166,-0.048625,-0.022546,0.55172,-0.46032,0.091601
16.732,0.00082157,0.037791,7.9253,-0.049919,0.12905,-0.089917,0.40031,-0.534,1,2,0.716,1,0,0,-0.40379,0.0062943,0.027657,0.76772,-0.532,-0.029022,-0.056649,-0.10815,0.050546,0.49344,-0.47579,-0.082093,1.1185,-0.33674,-0.89599,-0.82195,-0.072152,-4.2429,-0.74632,0.066228,-1.2549,1.5687,1.6076,1.5337,6.7923,6.7281,-7.5715,-14.776,-4.4499,0.28545,-6.9217,9.1725,-0.70161,9.0807,-0.96997,0.6273,0.14281,0.13579,-0.1436,0.272,-0.25627,0.052433,-0.32312,-0.043126,-0.031553,0.5075,-0.43532,0.08398
16.778,0.0010825,0.04609,8.1326,-0.072506,0.12213,-0.51975,-0.26443,-1.5946,1,2,0.756,1,0,0,-0.29049,-0.019646,-0.024224,0.69562,-0.55194,0.043531,-0.21954,-0.061227,0.0066758,0.79824,-0.53869,0.12606,2.5614,-0.25947,-1.1829,-1.6164,-0.23139,-1.0567,-4.27,1.1819,-0.69363,7.5946,-3.1439,3.6914,11.838,12.491,-9.534,-2.8793,-1.5429,0.58246,-9.5092,0.83282,-1.7286,-1.1925,-2.1995,-1.2914,0.15571,0.063441,-0.10817,0.15173,-0.1463,0.0079886,-0.34916,-0.0099806,-0.064225,0.5832,-0.33769,0.11393
16.797,0.00099937,0.018705,7.9512,-0.091854,0.10417,-0.49082,-0.50859,-1.7332,1,2,0.796,1,0,0,-0.21344,-0.01812,-0.050164,0.66129,-0.5444,0.094454,-0.33169,-0.021935,-0.02079,0.97791,-0.64702,0.043501,2.9907,0.052202,-0.91701,-1.2776,0.41595,2.0805,-4.1556,1.674,-1.3373,6.4287,-3.813,-4.5264,8.3448,15.046,-9.6401,0.31993,0.17614,-0.62618,-7.3098,-6.4686,2.5989,-10.69,-1.5475,0.086309,0.18931,0.044958,-0.062776,0.13776,-0.02685,-0.023771,-0.37421,0.0066899,-0.068057,0.58795,-0.31797,0.070433
16.841,0.0051617,0.043908,7.66,-0.11869,0.061678,-0.47387,-0.74995,-1.3757,1,2,0.836,1,0,0,-0.13333,-0.012398,-0.082589,0.64221,-0.55429,0.050713,-0.43355,0.023461,-0.05169,1.0805,-0.71351,0.11843,2.5175,0.073873,-1.1154,-0.29151,-0.72985,-1.5775,-3.0516,1.1896,-0.84713,2.0891,-1.2354,6.8394,3.7003,14.619,-4.4222,0.90161,2.984,-0.33362,-3.5607,-7.0247,4.2719,-11.533,-0.23943,0.032298,0.18045,0.043662,-0.088642,0.072617,0.033617,-0.11575,-0.35664,0.069955,-0.08973,0.58231,-0.29871,0.10751
16.868,0.0011917,0.027125,7.5556,-0.12335,0.046754,-0.25306,-0.79163,-0.43952,1,2,0.88,1,0,0,-0.070382,-0.0028611,-0.11082,0.65671,-0.57811,0.085085,-0.49802,0.037194,-0.068475,1.0302,-0.68307,0.0016969,1.4311,0.10598,-0.4834,0.6316,-0.74426,0.44651,-1.3863,0.029677,-0.26506,-2.6677,1.9014,-9.7553,-1.6058,12.881,-2.5022,-1.5415,4.5847,-1.7375,-1.8851,-6.1721,3.1791,-2.3558,-1.5902,1.3264,0.13745,-0.052911,-0.050429,0.0076349,-0.047567,-0.074813,-0.28782,0.15138,-0.14481,0.52078,-0.26283,0.03457
16.893,0.00094756,0.024866,7.4208,-0.12727,0.02409,-0.15226,-0.75259,0.11097,1,2,0.916,1,0,0,-0.047494,-0.0062943,-0.10624,0.66701,-0.59536,0.052112,-0.51823,0.026894,-0.063134,0.95731,-0.64666,0.024927,1.0523,-0.12583,0.3749,0.38146,-0.72912,-1.3909,-0.85697,-0.61956,0.37323,-3.2859,1.5627,5.8087,-0.90762,8.5374,-1.4377,-6.5758,10.996,-2.3991,-1.1869,-1.6826,0.74762,4.8879,-0.51427,2.5055,0.11407,-0.04839,-0.07881,-0.072891,-0.17693,-0.20681,-0.27095,0.17016,-0.13646,0.42229,-0.26935,0.048188
16.916,0.00095815,0.023798,6.3978,-0.11149,0.0061641,0.56976,-0.66561,0.43064,1,2,0.956,1,0,0,0.013924,-0.012398,-0.069238,0.66167,-0.59938,0.048024,-0.56172,-0.011254,-0.057794,0.89818,-0.55731,0.075468,1.5683,-0.19154,0.87068,-0.42895,0.17813,-0.71303,-1.1733,-0.70761,-0.16521,0.046612,2.3117,-12.361,-6.7923,6.7281,-1.8978,-10.383,15.324,-4.4757,1.8851,3.9377,-0.35656,4.4659,-3.129,-1.4502,0.17336,-0.022087,0.023322,0.01501,-0.040098,-0.19617,-0.27557,0.062206,-0.085219,0.30569,-0.29254,-0.0034114
16.94,0.0009256,0.023362,5.1322,-0.089502,-0.0035755,0.71657,-0.36455,0.2348,1,2,8.8818e-16,1,0,0,0.056268,-0.016213,-0.060845,0.63611,-0.58263,-0.0079507,-0.57736,-0.011254,-0.066567,0.93862,-0.49609,-0.065797,1.4635,-0.059916,0.15841,-1.0408,0.49094,-0.84322,-0.41115,0.19302,-0.091933,1.5425,1.5329,3.8409,-11.191,4.4139,-0.97766,-12.738,16.348,-4.2033,4.1192,7.21,-2.8407,2.1232,-2.1704,5.4895,0.16744,-0.038744,0.033497,0.292,-0.032177,-0.14451,-0.22445,-0.070446,0.10554,0.17947,-0.41436,-0.055534
16.96,0.00085222,0.020711,4.5767,-0.079853,0.0019965,0.51571,0.075827,0.71484,1,2,0.04,1,0,0,0.084497,-0.01812,-0.061227,0.60521,-0.55972,-0.023722,-0.57736,0.0017166,-0.072671,0.95541,-0.46158,0.2594,1.1848,-0.091038,0.0052598,-1.5025,1.2243,-0.91129,0.15184,0.84699,-0.39732,0.47397,2.584,13.487,-14.617,-0.59487,-0.034505,-13.679,12.61,-3.9833,5.7948,9.2473,-3.896,-0.49443,-2.4809,-5.9278,0.060258,0.016299,0.011823,0.56778,-0.51541,-0.046533,-0.17286,-0.35619,0.2888,0.24167,-0.40976,0.1105
16.988,0.00094164,0.027608,4.1225,-0.064466,0.031978,0.45716,0.7387,1.1965,1,2,0.076,1,0,0,0.098611,-0.015831,-0.061227,0.55943,-0.55033,-0.0897,-0.56096,0.043297,-0.095941,0.93099,-0.48997,0.059699,0.3546,0.21077,-0.04311,-1.9933,0.089365,-3.8111,0.79778,1.9598,-1.1329,-1.4294,-0.9342,-15.198,-14.073,-2.8022,-0.10352,-14.776,10.37,-4.4939,5.5155,3.9744,-1.5297,-2.8793,-0.86021,-1.6493,-0.0063866,0.06457,0.014104,0.61786,-0.54971,0.020975,-0.034477,-0.15694,0.30067,0.21591,-0.38094,-0.13528
17.005,0.0040527,0.016852,4.4651,-0.049151,0.060501,0.78153,1.5929,1.6517,1,2,0.116,1,0,0,0.094415,-0.0028611,-0.05169,0.51556,-0.54557,-0.1792,-0.54952,0.082589,-0.10586,0.87224,-0.47308,-0.25391,-0.31851,0.74534,0.68091,-1.9764,0.51193,-3.1482,0.2135,1.5845,-0.068682,-2.5493,1.8787,-8.3712,-11.45,-7.4325,1.8495,-4.4659,10.385,-1.1081,8.6036,-2.6923,0.42557,-13.522,-6.1677,8.2351,-0.076825,0.075826,-0.011066,0.59934,-0.52874,0.012872,0.076108,-0.070382,0.27512,0.20528,-0.36721,-0.13251
17.03,0.00095952,0.025515,6.5437,-0.02929,0.1104,0.49595,1.7312,2.6667,1,2,0.16,1,0,0,0.069238,0.021553,-0.02575,0.49268,-0.50323,-0.14698,-0.54456,0.081827,-0.039864,0.82876,-0.45662,0.0021905,-1.5938,0.65694,1.4165,-0.66666,2.3875,1.4319,0.48389,-0.66133,3.3621,-2.2844,1.5201,15.503,-7.4392,-5.0971,1.6802,9.4638,3.2627,0.36599,8.733,-9.5835,3.1549,-9.4638,-6.7815,2.2196,-0.17164,0.10146,0.024811,0.73776,-0.60831,-0.040496,0.043909,-0.27981,0.32647,0.27588,-0.28478,-0.20279
17.053,0.00088752,0.022726,8.2878,-0.0038423,0.1446,0.60356,1.4029,3.6021,1,2,0.2,1,0,0,-0.010872,0.024605,-0.0020981,0.56783,-0.45846,-0.04391,-0.51404,0.036431,0.011635,0.7929,-0.42405,0.20157,-3.5327,-0.13133,0.75952,4.2112,0.63843,4.5965,1.3605,-1.4327,0.82177,-0.63369,0.23007,0.16452,-4.2588,-0.11897,-0.28755,14.933,-5.6192,-0.58604,9.2505,-25.331,20.328,-12.973,-7.8687,-4.5788,-0.29154,0.085552,0.050165,0.70786,-0.55134,-0.040904,0.12449,-0.18572,0.27868,0.31475,-0.14406,-0.19152
17.077,0.00095626,0.024172,8.8912,0.041247,0.14964,0.87107,0.71342,3.5824,1,2,0.24,1,0,0,-0.095941,0.0017166,0.015068,0.70554,-0.51396,0.032104,-0.4736,0.0089647,0.039864,0.76658,-0.47911,-0.074935,-4.6055,-1.3251,0.87747,7.254,-3.3868,3.445,2.4777,-0.9976,1.8205,-1.6819,-1.8854,-15.266,-1.4662,6.8393,-1.4147,4.8176,-5.35,-1.3036,8.2155,-16.849,13.116,-6.2242,-2.8332,-0.39072,-0.30381,0.066967,0.068361,0.6609,-0.43907,-0.0033354,0.14557,-0.11487,0.18037,0.27348,-0.029586,-0.29645
17.103,0.004342,0.025785,8.5623,0.070598,0.13182,1.3272,-0.40616,3.9025,1,2,0.276,1,0,0,-0.1833,-0.014305,0.027657,0.89971,-0.65165,-0.020542,-0.36488,0.0040055,0.09556,0.70516,-0.52875,-0.18328,-3.1013,-0.33449,0.32453,7.8988,-5.8809,-4.396,4.2603,0.76999,0.64442,-2.2483,-2.0879,4.2959,-3.5607,8.0516,-2.6956,-1.716,-0.58878,-0.41221,9.6386,-17.598,17.791,-7.8546,-4.1782,1.655,-0.35253,0.026953,0.046552,0.72309,-0.44498,0.012734,0.24775,-0.026864,0.2223,0.30659,0.22441,0.17519
17.124,0.00088973,0.021098,7.8442,0.096824,0.096944,0.83257,-1.2918,3.9679,1,2,0.32,1,0,0,-0.2409,-0.012779,0.030709,1.0645,-0.76985,-0.089814,-0.26188,0.0085832,0.16346,0.66663,-0.5424,0.052448,-2.3114,0.11688,0.21274,6.5586,-4.3298,-0.39024,4.327,-0.45975,3.6072,-1.4049,0.26625,4.5186,-6.2137,8.5747,-1.8011,-5.8022,-0.41817,2.1454,3.5607,-19.771,7.3593,-0.95978,-1.0911,-8.3439,-0.31483,-0.023768,0.13242,0.66172,-0.44821,-0.035496,0.18915,-0.0037096,0.13744,0.23201,0.2295,0.045011
17.15,0.00086182,0.025397,9.0373,0.14602,0.059852,1.4808,-0.8379,4.0448,1,2,0.36,1,0,0,-0.31338,-0.0032425,0.05169,1.1885,-0.79821,0.08846,-0.14439,-0.014687,0.2142,0.66396,-0.47837,-0.31081,-2.9591,0.51493,0.88274,3.9449,-0.18991,4.3829,4.406,-1.1655,1.7992,0.054345,4.3019,-14.277,-6.0741,6.3204,-2.5264,-11.456,-0.70479,-3.6913,-1.3265,-12.141,1.656,1.5996,1.9443,2.846,-0.303,-0.087515,0.24754,0.66695,-0.32986,-0.036594,0.17765,0.22129,0.14555,0.11398,0.38344,-0.069751
17.168,0.0009681,0.018866,10.583,0.17933,0.04453,1.8672,-0.4799,3.6047,1,2,0.396,1,0,0,-0.38205,0.019265,0.068475,1.2255,-0.79282,-0.064831,-0.093652,-0.047494,0.22755,0.66587,-0.44476,-0.38749,-3.3107,1.2621,0.73863,1.3508,0.97374,-9.4057,2.0575,-1.3109,0.22646,0.011872,0.13463,0.59711,-4.957,1.9206,-1.3687,-11.303,0.34623,0.040483,1.3265,-9.0231,0.74762,1.367,7.616,3.231,-0.28483,-0.10372,0.28886,0.69256,-0.38325,-0.095863,0.14093,0.35689,0.17541,0.0048805,0.37212,0.16631
17.199,0.0048527,0.030105,12.74,0.22111,0.023695,1.4294,-0.12546,3.3065,1,2,0.436,1,0,0,-0.44728,0.04139,0.077249,1.206,-0.7323,-0.046077,-0.064279,-0.060845,0.21305,0.67311,-0.46153,-0.0062472,-3.0451,0.65787,0.41743,-1.2945,3.1055,6.2885,1.5993,-0.74807,-0.38581,0.45834,2.4814,20.64,-1.8851,-0.69685,-1.2767,-5.0989,-0.48704,3.6248,3.2814,0.66286,0.057509,0.49443,12.13,2.1012,-0.33435,-0.26592,0.42654,0.57349,-0.32093,-0.032499,0.16139,0.48001,0.12507,0.062552,0.77445,0.53941
17.224,0.0057951,0.025729,13.111,0.22882,0.0020263,0.57969,-0.4401,3.6041,1,2,0.476,1,0,0,-0.49306,0.04406,0.075341,1.1469,-0.65129,0.17996,-0.030709,-0.057031,0.19017,0.70668,-0.4794,0.0055905,-1.6779,0.074554,-0.081203,-2.9776,3.3403,5.2962,1.6506,0.43252,-1.0898,1.6176,-1.1354,-4.9024,2.1643,-3.9011,2.6231,-1.1343,-2.9771,-6.5676,-2.1643,0.62886,-1.4607,-5.1692,17.394,0.7401,-0.20911,-0.18659,0.3864,0.44839,-0.19671,0.048973,0.072173,0.46795,0.070887,0.21722,0.6455,0.43399
17.245,0.00091831,0.021023,13.074,0.2259,-0.03254,-0.22411,-0.41615,3.0309,1,2,0.516,1,0,0,-0.53197,0.047494,0.086023,1.0649,-0.62013,-0.16291,0.015831,-0.017357,0.17605,0.71775,-0.38346,-0.12114,-1.6038,0.25529,0.69345,-3.3584,3.3283,-18.206,1.8201,2.3177,-0.50713,0.048411,4.5087,-3.7254,4.8174,-11.439,9.4279,5.6615,-0.69185,1.0578,-6.9119,9.3593,-1.0237,-14.463,23.644,6.4576,-0.20701,0.066857,0.14272,0.40619,-0.31021,-0.1048,0.014135,0.28308,0.10052,0.17593,0.73327,0.58218
17.286,0.0019805,0.040255,11.89,0.20175,-0.048902,-1.2071,-0.11959,2.6245,1,2,0.56,1,0,0,-0.56058,0.045586,0.17147,0.98058,-0.58615,0.049042,0.086404,0.077249,0.16384,0.68265,-0.31456,-0.0013439,-0.83049,-0.40837,2.8126,-1.8829,1.861,19.293,2.1895,2.4689,-0.070037,-1.4329,2.899,7.536,7.3098,-16.613,8.1815,8.391,-1.8488,-1.1614,-15.161,18.741,0.51758,-18.851,22.021,9.4805,-0.11606,0.15356,0.042253,0.17678,-0.26215,0.11735,0.019114,0.10348,0.037549,0.46946,0.24151,0.33507
17.323,0.0008841,0.037727,8.0261,0.13146,-0.048534,-2.2766,0.51548,3.0009,1,2,0.6,1,0,0,-0.57927,0.018883,0.24891,0.94892,-0.56046,0.19948,0.12455,0.16575,0.16079,0.63802,-0.25223,0.20217,-0.67332,-1.2206,3.1911,-1.234,0.27754,-2.0087,1.3007,3.7235,-0.15868,-1.9111,3.1045,8.5599,8.3448,-19.182,7.7837,4.6769,3.4834,-10.362,-17.2,13.532,-2.3088,-10.153,22.946,6.5396,-0.04961,0.32998,-0.065436,0.14793,-0.12154,-0.15098,0.024311,-0.060971,0.1832,0.56717,-0.3643,-0.0048818
17.344,0.00090858,0.02067,1.288,0.020493,-0.0092414,-3.3343,1.5926,3.7938,1,2,0.64,1,0,0,-0.56172,-0.05169,0.33207,0.88254,-0.50111,-0.28047,0.086023,0.30995,0.11158,0.61017,-0.051078,0.45643,1.1174,-1.819,1.4096,-2.2768,1.9636,-2.4753,-2.1719,4.0906,-1.3717,-0.15275,5.833,3.0487,9.5092,0.22095,-6.4446,1.716,-3.217,8.9257,-12.485,-0.66286,1.7769,-5.3802,21.14,4.7812,0.13044,0.22685,0.16247,0.20602,0.22939,-0.21249,-0.10291,-0.0010166,0.20081,0.63667,-0.29761,-0.10723
17.372,0.0045631,0.028317,8.8516,-0.13432,0.076561,-4.192,2.2515,2.5166,1,2,0.676,1,0,0,-0.49268,-0.091745,0.29316,0.799,-0.48666,0.22197,-0.049401,0.43317,0.068475,0.61704,0.19136,0.40394,2.5755,-0.79668,-2.1044,-2.5419,1.4986,8.4844,-4.5016,2.5305,-1.7143,0.40199,6.8798,-1.3685,3.5607,15.279,-9.8257,0.20359,-2.8717,-7.6139,-5.9344,-13.232,9.2688,1.367,16.438,10.112,0.34773,-0.018539,0.1981,0.32514,0.49334,-0.052238,-0.42493,0.094831,0.033908,0.7231,-0.17091,0.047037
17.395,0.00092656,0.022806,13.729,-0.20166,0.13032,-3.0843,2.3359,0.18853,1,2,0.716,1,0,0,-0.44041,-0.06199,0.24205,0.70096,-0.49569,0.019561,-0.0906,0.40723,-0.024224,0.66777,0.16036,0.26858,1.0685,2.2332,-2.4271,-4.8145,0.11723,-11.641,-0.31891,-0.91332,-3.547,2.9113,-1.2417,-3.7455,8.6036,14.619,-9.5605,1.8323,-0.43545,1.1258,-7.8273,-18.82,8.0223,5.7319,-1.9518,4.2245,0.48718,-0.064816,0.058619,0.49134,0.3243,0.091003,-0.52031,0.028688,-0.014907,0.67242,-0.1139,0.091958
17.421,0.0009696,0.026153,18.607,-0.27018,0.18243,-2.5338,2.2408,-1.2193,1,2,0.756,1,0,0,-0.3912,-0.0078202,0.15126,0.6014,-0.47495,-0.17967,-0.1215,0.32025,-0.013542,0.77497,0.060665,0.21046,2.4149,1.3991,-3.09,-3.3615,1.1098,-3.761,-1.8921,-4.0534,1.0314,4.5565,-5.6983,-3.7662,15.161,30.385,-15.974,-4.5363,3.4763,0.027109,-4.2588,-14.813,11.087,6.5758,-12.122,-4.7647,0.56185,-0.21747,0.0011018,0.33704,0.49016,0.2712,-0.6084,0.22772,-0.24346,0.84333,-0.22547,0.26131
17.444,0.0010212,0.022897,19.388,-0.28786,0.18041,-0.59245,0.66396,-1.9634,1,2,0.804,1,0,0,-0.3706,-0.012398,0.15393,0.58919,-0.38022,0.099179,-0.16651,0.14477,0.097467,0.91878,-0.22639,-0.12867,1.6637,1.1475,-0.044492,-0.43476,5.5143,3.4758,-1.2966,-6.3536,4.5342,5.3781,-9.9854,-16.337,20.328,18.584,-3.42,2.7048,12.216,-9.4969,-12.226,-1.3427,-1.1617,0.95978,-1.3191,3.3851,0.35902,-0.3517,0.16886,0.31923,0.2522,0.2968,-0.51358,0.1989,-0.17838,0.57305,-0.25366,0.040694
17.476,0.0048939,0.031815,19.177,-0.30526,0.13948,-0.20278,-0.22176,-3.207,1,2,0.836,1,0,0,-0.32216,-0.017357,0.17414,0.59071,-0.3507,0.11397,-0.23938,0.0082017,0.16957,1.026,-0.42463,-0.26483,2.2872,-0.31417,0.89601,0.245,0.023271,1.8117,-3.7684,-6.4619,2.8785,4.2437,-8.3059,-0.91549,36.833,2.5458,-2.0187,9.6937,21.943,-8.4743,-19.648,18.347,-15.569,-1.3088,3.8999,11.438,0.21961,-0.27296,0.1749,0.20838,0.4038,0.085853,-0.43137,0.15396,-0.13026,0.5882,-0.23515,0.0013556
17.49,0.0045959,0.01406,19.152,-0.31165,0.12287,0.020473,-0.75009,-3.0421,1,2,0.876,1,0,0,-0.27523,0.0089647,0.16194,0.6117,-0.33473,0.12374,-0.34047,-0.11807,0.18902,1.1122,-0.52058,0.14732,2.2605,1.2486,-1.1416,1.2845,1.1624,0.5756,-5.2596,-5.9458,0.3669,3.9363,-1.0194,25.71,37.822,-4.2308,-2.1879,15.09,19.445,-5.8728,-12.226,22.716,-16.459,-6.9275,5.3893,-0.26645,0.13026,-0.067767,0.071643,0.073634,0.1601,0.060035,-0.4274,0.0543,-0.085895,0.71542,-0.22173,0.37768
17.518,0.0010625,0.028354,19.99,-0.34831,0.020343,-0.79804,-1.9057,-3.8869,1,2,0.916,1,0,0,-0.16575,0.026894,0.072671,0.65557,-0.27031,0.19778,-0.49802,-0.17834,0.12722,1.1873,-0.46312,0.33193,4.1418,0.43176,-3.6889,1.3286,2.7851,4.0843,-5.5011,-0.41676,-3.1342,2.4181,0.67656,-7.8748,23.078,-19.732,5.6925,8.6975,16.744,-1.8302,-10.932,30.385,-18.3,-5.9429,-0.70486,-5.9882,-0.067393,-0.22759,0.011672,-0.097327,0.084844,-0.14536,-0.35511,0.11179,-0.17149,0.58793,-0.26331,0.21936
17.543,0.00087024,0.024981,21.203,-0.34823,-0.12787,-0.72454,-2.8252,-5.7694,1,2,0.96,1,0,0,-0.036049,0.018502,0.019646,0.6735,-0.2008,0.32334,-0.61894,-0.10967,0.017739,1.2064,-0.42758,-0.19212,5.6555,-0.59225,-1.2079,0.60627,2.5523,3.9498,-4.5546,3.6913,-4.8287,0.013667,3.8818,-17.084,10.415,-26.113,9.3749,5.0989,11.538,-2.3591,-4.957,17.519,-9.2158,-10.767,-3.6198,8.8591,-0.23961,-0.27144,0.00068065,-0.44252,0.16158,-0.56165,-0.098929,0.14109,-0.23377,0.65066,-0.22492,0.087657
17.565,0.00094583,0.021919,22.259,-0.28502,-0.26767,0.825,-3.0534,-7.4505,1,2,8.8818e-16,1,0,0,0.11234,-0.073816,0.068475,0.67884,-0.092892,0.25099,-0.69066,0.053979,-0.10967,1.1252,-0.40069,0.070453,3.7774,-4.0683,2.1022,-0.068203,4.656,-5.0739,-1.5358,5.6613,-3.8585,-3.5277,1.9903,18.663,-8.2155,-4.1941,1.2537,-4.4659,0.53158,-3.7202,4.5381,-1.5467,3.5453,-0.5526,-2.2894,4.1222,-0.65689,-0.57982,0.035051,-0.1513,1,-1,0.57404,-0.73333,-0.14174,-0.0073518,-0.49867,0.043065
17.59,0.00094832,0.02506,22.601,-0.21224,-0.33505,1.7071,-2.4658,-6.6041,1,2,0.04,1,0,0,0.15888,-0.15927,0.10433,0.6693,0.0062129,0.074588,-0.71164,0.13981,-0.15583,1.0409,-0.31405,0.53747,2.2423,-4.1684,1.6495,-0.43802,5.0392,-8.3463,-1.2094,3.9672,-2.2387,-3.9301,5.7301,18.973,-20.328,11.283,-4.2468,-15.168,-3.7674,0.12232,9.768,-14.89,10.595,6.4352,-3.7544,-1.8814,0.20753,0.19065,0.075866,1,-0.62915,0.29121,-0.73923,-0.83263,0.05712,-0.18821,-0.63129,0.69286
17.614,0.0045214,0.023738,22.241,-0.13432,-0.36532,2.4494,-1.3064,-3.7051,1,2,0.08,1,0,0,0.13943,-0.25959,0.11654,0.63535,0.061398,-0.084135,-0.71775,0.21305,-0.19856,0.97028,-0.42308,0.076874,-1.2493,-4.3261,0.10284,-1.714,1.98,-6.4752,-0.36588,2.7577,-1.6082,-3.0099,-2.5135,-25.548,-29.906,12.413,-5.7703,-23.325,-6.9885,1.2915,15.025,-12.257,8.1019,9.4638,-4.9424,2.8603,0.037565,-0.0047977,-0.13044,0.23744,-0.23973,0.41899,-0.6596,-0.29682,-0.12823,0.40032,-0.81424,-0.082134
17.644,0.0041739,0.02946,21.115,-0.062317,-0.36346,3.087,-0.11021,-2.1137,1,2,0.116,1,0,0,0.099756,-0.35115,0.098993,0.58118,0.050938,-0.22572,-0.71202,0.22946,-0.22068,0.91993,-0.45516,-0.16688,-1.8771,-4.1279,-0.92482,-3.0472,-0.54969,-7.4725,0.51342,0.16871,-0.81425,-2.0802,-1.0116,-3.3563,-26.821,15.279,-5.6147,-30.471,-3.9042,-3.3523,27.375,-6.654,3.4701,14.933,0.35585,11.125,-0.053698,0.1213,0.031207,0.11291,0.20052,0.12832,-0.41005,-0.23067,0.056655,0.3282,-0.79814,-0.07911
17.672,0.0010471,0.02795,19.443,0.034465,-0.33765,3.0466,0.9005,-1.0543,1,2,0.16,1,0,0,0.046731,-0.41485,0.072671,0.43965,0.12553,-0.57787,-0.62467,0.11578,-0.25349,0.8402,-0.45545,0.36728,-2.8846,-0.95077,-0.3587,-5.7984,5.4853,-13.221,4.4711,-5.9513,-1.9503,-3.895,2.7872,22.337,-26.543,-0.90081,-6.2112,-14.463,15.189,-18.912,16.792,-33.904,15.381,-9.6937,-6.0567,-8.2697,0.030859,-0.20486,0.38799,0.80965,0.045246,0.090344,-0.59515,-0.32398,0.052733,-0.33329,-0.65314,-0.15661
17.703,0.0010316,0.031928,15.336,0.063996,-0.26008,2.7881,1.6132,2.7724,1,2,0.204,1,0,0,-0.029946,-0.39654,0.13027,0.48886,0.064237,-0.11312,-0.4839,-0.0906,-0.26341,0.61894,-0.60651,0.31947,-4.0426,0.50952,2.4455,5.3191,-2.9343,19.768,4.772,-7.4543,1.5181,-8.8958,-7.3706,-6.9467,-1.4662,34.041,-14.787,24.369,-13.334,4.0029,-22.247,-22.677,16.664,-4.1846,-4.4483,0.12451,-0.066223,-0.1131,0.13805,0.73988,-0.23415,0.18498,-0.1706,-0.23676,-0.3044,-0.016146,-0.058691,0.0088973
17.73,0.00088359,0.026139,11.431,0.060632,-0.19019,0.26293,3.7941,1.1498,1,2,0.244,1,0,0,-0.25044,-0.27409,0.089456,0.74598,-0.13094,0.49038,-0.53388,-0.18902,-0.27371,0.57088,-0.66259,0.33504,-6.5789,5.5033,-2.8869,6.7043,-5.0474,10.225,-5.58,0.59974,-2.7302,3.1574,2.3239,3.1453,12.356,19.025,-6.9892,-10,-2.8016,0.32706,-6.7722,-16.574,21.15,-1.6578,-7.4271,-9.456,-0.23119,-0.34648,0.14569,0.53735,-0.29738,0.20158,-0.10181,0.014034,-0.18462,0.10401,-0.36975,0.091557
17.745,0.0042756,0.015452,9.4656,0.064385,-0.15225,-0.20746,2.8611,-0.28865,1,2,0.276,1,0,0,-0.3233,-0.14668,0.020409,0.79976,-0.25641,0.16678,-0.64908,-0.16308,-0.22183,0.66396,-0.66385,-0.1621,-3.4577,7.4257,-3.7525,2.4858,-5.3289,-19.69,-6.1759,1.463,3.5027,5.1701,3.8203,-26.492,8.3448,6.7652,2.1637,-14.698,4.6912,1.301,6.493,-15.356,12.053,-2.5303,-11.434,-0.32931,-0.21813,-0.15833,0.15967,0.58966,-0.27334,-0.0052632,-0.26969,-0.037014,-0.14273,0.084885,-0.33018,-0.013066
17.77,0.00090387,0.025241,8.9602,0.10903,-0.11233,0.83389,1.4956,0.79645,1,2,0.316,1,0,0,-0.313,0.043679,0.040246,0.78183,-0.27266,-0.17298,-0.76009,-0.17453,-0.038338,0.71279,-0.78236,-0.18514,0.47463,5.531,2.6888,-0.57761,0.20643,-1.7635,-2.7806,-1.5183,6.0871,-0.8943,-7.7355,17.159,8.8623,-22.049,14.14,16.858,2.6345,9.7147,3.0021,-6.2462,-0.58659,-28.865,-5.3753,4.6721,-0.14101,-0.07403,0.090308,0.51293,-0.33696,-0.072835,-0.38493,-0.10123,0.033772,0.15874,-0.39748,0.0091283
17.805,0.0045956,0.035161,12.356,0.19216,-0.098496,3.2623,0.66175,-0.47542,1,2,0.368,1,0,0,-0.26608,0.10472,0.16155,0.88178,-0.24807,0.38731,-0.70134,-0.30842,-0.024605,0.48657,-0.67308,-0.21246,1.6887,0.3529,2.0933,4.5932,2.4829,15.264,2.6758,-3.9688,-3.8092,-7.2357,11.377,-16.682,-2.7229,-22.638,1.9703,11.686,-6.4814,-6.7503,25.019,11.01,-2.1396,-0.3781,-3.1174,4.9855,-0.33386,-0.35272,0.28586,0.58351,-0.29998,0.11994,-0.059173,0.1586,-0.10014,-0.15692,-0.58065,0.16245
17.816,0.0010236,0.010781,14.112,0.22596,-0.098854,2.8082,0.059002,-1.7013,1,2,0.396,1,0,0,-0.25578,0.064279,0.15698,0.95655,-0.27067,0.37336,-0.69295,-0.33055,-0.12112,0.38624,-0.48446,-0.31288,0.52148,-2.4111,-0.43472,4.7844,-1.8305,-3.111,0.7987,-1.2097,-5.175,-6.1424,10.793,-2.2402,-10.544,-21.46,6.5484,-1.4833,-5.9348,-7.9163,23.078,22.559,-3.0824,9.7703,-14.488,11.577,-0.18492,-0.28073,0.14569,0.58291,-0.39463,0.11985,-0.26383,0.01397,-0.2601,-0.35817,-0.82981,0.3444
17.842,0.0008768,0.026098,16.121,0.26705,-0.08968,1.5296,-0.27349,-1.874,1,2,0.44,1,0,0,-0.24128,-0.012016,0.1154,1.0538,-0.34827,-0.039063,-0.65785,-0.3584,-0.1051,0.29812,-0.33791,-0.0072701,0.42093,-3.4241,-1.675,3.9641,-1.4195,-22.181,1.4377,-1.3635,1.6861,-3.7131,7.0432,14.321,-10.803,-11.907,5.5369,-8.9274,-3.2104,1.961,19.376,30.847,-11.784,21.478,-11.083,3.323,-0.19349,-0.16871,0.061746,0.64538,-0.42107,0.022207,-0.29851,-0.16364,-0.27543,-0.4157,-0.75571,0.40946
17.866,0.000969,0.024002,15.158,0.25422,-0.074014,-0.49907,0.077185,-2.1225,1,2,0.476,1,0,0,-0.24891,-0.075723,0.095941,1.1141,-0.4603,-0.21076,-0.67159,-0.34581,-0.037575,0.24472,-0.3696,0.11389,-0.2559,-1.6751,-0.13654,0.99326,-5.6287,7.2911,-0.66454,1.606,1.9744,-0.42078,-4.4062,-3.3533,-9.768,-0.56088,0.26454,-13.914,-0.29669,6.4439,12.873,17.598,-1.4607,22.201,-5.7429,-4.0216,-0.11939,-0.14914,0.10809,0.3237,-0.39082,0.15042,-0.29817,-0.19691,-0.21236,-0.12457,-0.47152,0.28825
17.892,0.0043863,0.02604,13.126,0.22036,-0.063138,-1.4941,0.035952,-1.9879,1,2,0.516,1,0,0,-0.24624,-0.091745,0.10014,1.095,-0.53189,0.27049,-0.69829,-0.28668,-0.0085832,0.26951,-0.5067,-0.1446,0.36504,-0.31129,0.057081,-0.92329,0.37697,17.223,-1.4218,1.7488,0.97846,0.73626,-4.5165,-9.7583,-3.5607,0.4589,0.40256,2.7048,9.8852,-16.534,13.937,-7.3954,-3.4451,-1.7741,19.717,8.7179,-0.092748,0.13555,-0.045834,-0.012802,-0.49239,0.28281,-0.38586,-0.15494,-0.17036,0.37565,-0.075692,0.16039
17.934,0.0058262,0.041682,10.271,0.15924,-0.082653,-1.6221,-0.38034,-0.2431,1,2,0.564,1,0,0,-0.25311,-0.090982,0.095178,1.0821,-0.47281,-0.13849,-0.68875,-0.29088,-0.022316,0.24395,-0.38295,0.065227,-0.35413,0.13801,0.097128,-0.40941,5.5749,-21.794,0.89743,-0.54926,-0.48178,-1.0585,6.8884,9.8215,4.1192,1.2407,-0.72462,2.0068,-8.7152,3.9769,3.421,-3.0586,0.74762,6.8571,-7.3761,-1.9644,-0.22388,0.2456,-0.32951,-0.052948,-0.39138,-0.10807,-0.61853,-0.103,-0.0043667,0.90687,0.30286,0.43143
17.951,0.0010478,0.016614,9.4871,0.13328,-0.098548,-1.4214,-0.9545,0.54871,1,2,0.604,1,0,0,-0.25044,-0.086404,0.10243,1.0733,-0.46576,-0.21453,-0.67159,-0.30919,-0.024605,0.23365,-0.3622,0.10738,0.18775,0.091548,0.39145,-0.37852,-1.7014,4.0531,0.72851,-0.65308,-0.16163,-0.20445,-1.2992,-1.2603,0.34908,1.7506,-2.2604,1.4251,-4.5575,6.5403,3.5607,0.79883,1.3917,4.4659,-11.477,-4.141,-0.18903,-0.034155,-0.14045,0.050328,-0.16171,-0.11243,-0.63554,-0.077109,0.019449,0.7735,0.076564,0.52941
17.972,0.0010483,0.02141,8.7644,0.10972,-0.1068,-1.349,-0.51504,0.21928,1,2,0.64,1,0,0,-0.24853,-0.086404,0.10014,1.0618,-0.52099,0.17483,-0.67578,-0.28897,-0.04406,0.24395,-0.44114,-0.0046789,-0.089966,-0.090052,-0.21468,-0.45441,-0.15438,11.516,-0.35308,1.2405,-0.71412,0.46013,-1.7709,-3.2069,5.0966,2.5824,-0.51758,0.61077,12.242,-8.0475,11.45,-11.907,4.773,0.26176,3.9154,-0.058294,-0.16631,0.1076,-0.029949,-0.14742,-0.39054,-0.015186,-0.58372,-0.075147,-0.0051894,0.85784,0.085994,0.332
18,0.00095322,0.028227,9.7386,0.10597,-0.13314,-0.23622,-0.49316,0.85241,1,2,0.676,1,0,0,-0.24777,-0.084497,0.095941,1.0592,-0.53218,-0.15626,-0.66396,-0.2863,-0.028801,0.24128,-0.38136,0.017679,0.088019,0.27693,-0.015373,-0.29802,1.7121,-11.063,0.70632,-0.49663,0.79622,-0.27826,2.1786,1.5364,6.493,0.050989,-0.95465,-1.5415,18.6,4.5004,5.6552,-0.66286,-0.37956,4.1846,-5.0391,0.016953,-0.22088,0.16193,-0.17658,0.15953,-0.16568,-0.096911,-0.56098,0.0047437,0.081743,0.94184,0.091228,0.42744
18.021,0.00099204,0.020391,10.729,0.11645,-0.14698,0.72202,-0.68837,0.8111,1,2,0.72,1,0,0,-0.24739,-0.1009,0.11006,1.0481,-0.49995,0.068175,-0.63764,-0.30537,-0.019646,0.23251,-0.41435,0.027105,0.061637,-0.68297,0.64226,-0.69156,2.9284,6.3437,0.85642,-0.41412,0.24447,-0.10244,-1.94,-0.87773,5.6552,10.737,-3.7958,-1.0179,6.6664,-2.7595,0.069817,3.2418,-0.88564,2.8793,2.7374,-0.74006,-0.28645,0.24528,-0.01643,0.12779,-0.31374,0.093478,-0.51177,-0.019842,0.10893,0.92112,0.054517,0.27559
18.048,0.00085843,0.026859,11.38,0.11978,-0.15881,0.24016,-0.45873,0.58483,1,2,0.76,1,0,0,-0.2451,-0.10586,0.11807,1.0336,-0.48472,-0.063978,-0.62352,-0.30461,-0.016976,0.2348,-0.41718,-0.023049,0.065866,0.036252,0.15746,-0.57684,0.090604,-5.9836,0.52632,0.21344,-0.0039295,0.095484,0.83358,-1.5061,5.7948,8.4253,-4.798,-1.5415,3.6391,1.4705,0.76799,1.7166,-0.6556,2.3558,4.2664,1.3324,-0.30674,0.22344,0.010226,0.16154,-0.3387,0.012298,-0.4483,-0.017941,0.12548,0.88587,0.053873,0.21931
18.073,0.0009281,0.025254,11.188,0.11417,-0.15876,-0.020082,-0.10689,0.67858,1,2,0.796,1,0,0,-0.24357,-0.096323,0.11234,1.021,-0.49273,-0.055175,-0.61666,-0.29774,-0.017739,0.23556,-0.38274,-0.0024356,0.078317,0.55518,-0.40059,-0.69798,-0.22795,1.6054,0.36856,0.32589,-0.018963,0.054812,1.8155,1.4936,6.2137,4.2308,-2.6714,0.26176,4.6576,1.419,-1.1869,1.1388,-0.47158,1.4833,-2.3661,0.798,-0.26113,0.14309,0.059879,0.11065,-0.49464,0.075156,-0.43502,-0.015126,0.058978,0.70567,0.019079,0.17373
18.105,0.00085859,0.032031,10.345,0.10731,-0.14549,-0.11015,0.55708,0.91483,1,2,0.84,1,0,0,-0.24777,-0.086404,0.095941,0.99355,-0.47407,0.0066452,-0.60712,-0.2882,-0.017357,0.2348,-0.39238,0.030547,-0.41125,0.038684,-0.40858,-0.97498,-0.26469,-0.63472,0.23841,0.33152,0.048855,-0.09954,-1.171,-0.17596,10.285,4.5238,-1.3917,4.8176,3.8212,-0.75153,1.1869,0.18696,-1.0237,1.716,0.2413,-0.75718,-0.18446,0.064749,0.035184,0.09014,-0.51329,0.055646,-0.38272,-0.009539,-0.01684,0.54763,-0.014148,0.14345
18.126,0.0011505,0.021538,10.101,0.10424,-0.14243,-0.063205,0.32804,0.6009,1,2,0.876,1,0,0,-0.24777,-0.083352,0.096323,0.9741,-0.48124,-0.038906,-0.60292,-0.28744,-0.016976,0.2306,-0.40251,-0.020479,0.18655,0.21666,-0.043976,-0.6945,0.37599,-0.13039,0.16772,0.028617,-0.01761,-0.12976,0.41518,-1.4996,8.0861,1.8186,-1.3917,6.0132,6.6926,0.74344,2.0247,1.8186,-0.47158,2.2395,3.6416,1.2623,-0.16837,0.037572,0.031233,0.068852,-0.50954,0.045007,-0.34475,-0.015384,-0.04771,0.42801,-0.019753,0.12383
18.152,0.00088842,0.02522,10.437,0.10602,-0.14842,0.086876,-0.18968,0.1658,1,2,0.92,1,0,0,-0.24166,-0.078012,0.089837,0.96418,-0.47303,-0.011739,-0.59186,-0.2863,-0.017357,0.22869,-0.36847,0.026652,0.3143,0.084957,-0.11971,-0.12377,0.41898,-0.79199,0.49071,0.09981,0.0053975,-0.02414,0.53401,1.9061,7.4392,1.2747,-0.33355,1.7741,4.7559,0.097181,0.90762,3.1685,-0.42557,1.7741,-1.9486,-0.081508,-0.18303,0.029154,5.1951e-05,0.034695,-0.4917,0.05086,-0.32234,-0.041033,-0.052167,0.2721,-0.11419,0.090267
18.172,0.0053565,0.020836,10.617,0.10785,-0.15096,0.10255,-0.19167,0.079282,1,2,0.956,1,0,0,-0.23632,-0.076104,0.087549,0.9596,-0.45853,-0.033578,-0.58652,-0.28363,-0.016976,0.22831,-0.38179,0.023514,0.3009,0.10063,-0.095851,-0.29996,0.6717,-0.8536,0.28105,0.14847,0.0035917,0.0012174,-0.78593,-0.44378,6.9119,0.69685,-0.44857,1.4251,3.4869,0.71854,1.8851,2.2265,-0.44857,1.3088,1.2595,-0.34028,-0.15536,-0.010032,-0.013638,0.013071,-0.45411,0.051457,-0.31254,-0.074794,-0.026617,0.13249,-0.2042,0.042276
18.199,0.00093376,0.026089,10.989,0.11552,-0.15345,0.21593,-0.15179,-0.39092,1,2,8.8818e-16,1,0,0,-0.22374,-0.075341,0.087167,0.94739,-0.45277,-0.019674,-0.58309,-0.27447,-0.017739,0.22793,-0.38046,-0.0065986,0.43931,0.037833,-0.00064014,-0.56816,0.3351,0.46062,0.11211,0.42985,0.0035283,-0.022807,0.56252,-0.74265,4.957,0.49289,-0.95465,1.4251,3.1591,0.38039,4.6777,1.0028,-0.42557,1.1343,1.7014,0.5051,-0.094294,-0.083949,-0.021808,0.13026,-0.41594,0.088129,-0.30583,-0.13358,0.0291,-0.052318,-0.31711,-0.032122
18.216,0.00085373,0.017124,11.121,0.12106,-0.15209,0.23843,0.011302,-0.39905,1,2,0.036,1,0,0,-0.21649,-0.07496,0.086023,0.93786,-0.44689,-0.024587,-0.58156,-0.27066,-0.017357,0.22374,-0.35919,0.0090048,0.33355,0.013113,-0.091709,-0.42765,0.24185,-0.36609,0.083248,0.13611,0.016308,-0.25928,0.95932,0.98202,2.0247,1.4787,-0.6556,0.61077,2.5498,0.51386,6.2137,0.32293,-0.47158,2.8793,-1.9411,0.51356,-0.00044371,-0.16182,0.00074855,0.40802,-0.35588,0.13128,-0.29829,-0.21495,0.06534,-0.18107,-0.36117,-0.089544
18.237,0.0008521,0.021248,11.282,0.12874,-0.1494,0.24994,0.072985,-0.20926,1,2,0.08,1,0,0,-0.20848,-0.072671,0.084497,0.92527,-0.44143,-0.025545,-0.57889,-0.26684,-0.017739,0.21496,-0.3605,0.016767,0.19865,0.13335,-0.026649,-0.48823,0.12299,0.26203,0.11965,0.11798,0.01149,-0.21059,-0.28333,-0.31118,1.8851,0.15297,-0.77062,0.14542,2.8333,0.80003,8.9917,0.32293,0.034505,5.0989,-0.73902,-0.19803,0.015091,-0.18619,0.016705,0.54024,-0.36497,0.13957,-0.29918,-0.21985,0.052239,-0.21511,-0.34007,-0.093733
18.284,0.0012538,0.047223,11.094,0.12839,-0.14534,-0.0090829,0.13247,-0.065438,1,2,0.128,1,0,0,-0.20542,-0.065042,0.079538,0.91421,-0.43362,-0.019191,-0.57546,-0.26036,-0.018502,0.21382,-0.35422,0.0065197,0.098359,0.24384,-0.28111,-0.43646,0.30989,0.10034,0.16303,0.17928,-0.0050708,-0.007998,0.41956,-0.29454,1.4662,-1.4447,0.28755,-0.3781,2.3749,0.44049,10.027,0.59487,-0.10352,4.1846,-0.6684,-0.071058,-0.039718,-0.16108,0.012802,0.561,-0.37573,0.12512,-0.28719,-0.2242,0.036687,-0.17759,-0.2803,-0.095694
18.312,0.0089425,0.028,11.07,0.12735,-0.14569,-0.069195,0.052225,0.07217,1,2,0.16,1,0,0,-0.20237,-0.062753,0.071908,0.90505,-0.4278,-0.022962,-0.5705,-0.25883,-0.01812,0.21344,-0.34913,0.01639,0.18506,0.098728,-0.41112,-0.53651,0.36388,-0.24905,0.30244,0.12105,0.0031754,-0.011616,0.18215,0.58236,0.76799,-1.5807,1.5297,0.31993,1.8159,0.66761,9.5092,0.22095,0.24154,3.6923,-1.195,-0.013745,-0.065064,-0.14575,0.0084993,0.55976,-0.37806,0.10596,-0.28861,-0.23432,0.024205,-0.16516,-0.26926,-0.083854
18.328,0.00088208,0.015754,11.063,0.12713,-0.14572,0.0021385,0.016291,0.2458,1,2,0.2,1,0,0,-0.19551,-0.060845,0.068856,0.89475,-0.4224,-0.017894,-0.56363,-0.25349,-0.018502,0.21344,-0.35155,0.020996,0.34555,0.11046,-0.10388,-0.5568,0.26453,0.50342,0.34456,0.25138,-0.028232,0.0030638,-0.066385,0.030263,-1.6058,-1.9886,1.1617,0.31993,0.68087,-0.0086798,10.027,-0.52689,-0.14952,3.833,-0.1771,-0.4239,-0.06056,-0.15259,0.013556,0.52011,-0.37655,0.092375,-0.29039,-0.20434,0.0077562,-0.17446,-0.30649,-0.066672
18.349,0.00095364,0.021454,10.903,0.12623,-0.14279,0.067454,0.12983,0.47973,1,2,0.24,1,0,0,-0.19017,-0.055505,0.065423,0.8772,-0.41415,-0.010694,-0.5518,-0.24891,-0.01812,0.20886,-0.34257,0.0022103,0.031495,0.13954,-0.10153,-0.50435,0.24964,-0.28552,0.2902,0.031365,0.021216,-0.15722,0.29401,-0.5083,0.069817,-3.315,1.8736,0.087253,0.62847,-0.13424,10.415,0.69685,0.14952,4.6769,-0.71575,0.2733,-0.034276,-0.15096,0.019927,0.46279,-0.35356,0.078981,-0.30477,-0.17849,-0.019146,-0.1844,-0.33759,-0.039266
18.379,0.0010205,0.029642,10.725,0.12263,-0.14178,-0.05707,0.1522,0.72699,1,2,0.28,1,0,0,-0.1894,-0.054742,0.064279,0.86042,-0.40286,-0.011763,-0.5415,-0.24624,-0.017739,0.20581,-0.33649,0.017606,0.045179,0.035496,-0.015493,-0.56919,0.20505,0.29707,0.38099,0.12113,0.00069865,-0.097493,0.30886,0.7346,1.0473,-3.6813,1.4837,0.029084,0.39532,0.10691,8.8623,2.0905,-0.19553,4.4659,-0.74382,-0.011111,-0.011351,-0.14779,0.020157,0.38282,-0.33516,0.065537,-0.31749,-0.18188,-0.030427,-0.17667,-0.37684,-0.010685
18.399,0.0011282,0.01984,10.516,0.11718,-0.14159,-0.15092,0.11103,0.84333,1,2,0.32,1,0,0,-0.18673,-0.052453,0.062371,0.84974,-0.40637,-0.0095982,-0.53273,-0.24052,-0.01812,0.20314,-0.3295,0.021768,0.13574,0.087885,-0.092541,-0.47962,-0.060951,-0.03722,0.37194,0.30247,-0.017148,-0.12346,0.22985,0.039449,0.62835,-3.9011,1.5527,-0.26176,2.0035,-0.19451,8.9917,0.22095,0.14952,4.8879,-1.2416,-0.74354,0.021298,-0.15221,0.034373,0.30275,-0.34132,0.07095,-0.33415,-0.18244,-0.045755,-0.19471,-0.44042,0.0078392
18.42,0.0050346,0.021397,10.258,0.11102,-0.14076,-0.16057,0.13301,0.8199,1,2,0.356,1,0,0,-0.18215,-0.049783,0.061608,0.84058,-0.4009,-0.011764,-0.52548,-0.23861,-0.017357,0.20275,-0.32806,0.01725,0.23067,0.12643,-0.049205,-0.5343,0.2435,0.0097576,0.36426,0.078172,0.052734,-0.011654,0.10718,-0.26711,-0.76799,-4.2674,1.4147,0.029084,2.6445,0.09217,9.5092,1.4107,-0.057509,4.1846,-1.3057,-0.14528,0.029722,-0.12911,0.040824,0.2138,-0.35608,0.07677,-0.34014,-0.1737,-0.066642,-0.17274,-0.45081,0.021979
18.448,0.00096151,0.027367,10.164,0.1081,-0.14093,-0.0010105,0.080155,0.80296,1,2,0.396,1,0,0,-0.17605,-0.045586,0.060845,0.82532,-0.39838,-0.0080051,-0.51518,-0.23899,-0.016213,0.20008,-0.32179,0.0083645,0.19923,0.15644,-0.021703,-0.58127,0.16891,0.08715,0.32769,-0.046278,0.064972,-0.10539,0.13492,-0.11776,-1.1869,-6.1721,1.2997,0.61077,2.9453,-0.1589,10.285,3.022,-0.12652,4.6769,-1.5785,-0.18288,0.021216,-0.1192,0.037037,0.14397,-0.37057,0.086586,-0.34704,-0.14096,-0.08807,-0.19296,-0.51016,0.045848
18.479,0.00089018,0.030991,10.002,0.10477,-0.13988,7.2992e-05,0.11579,0.76397,1,2,0.436,1,0,0,-0.17453,-0.042916,0.060845,0.81464,-0.38929,-0.0096684,-0.50832,-0.2409,-0.013161,0.19932,-0.32265,0.010342,0.063651,0.13122,-0.020139,-0.53139,0.48643,-0.21087,0.35163,-0.097048,0.13395,-0.029377,-0.012746,0.07043,-0.76799,-6.5057,0.90864,0.14542,2.0709,0.042971,8.4742,4.5238,-1.0007,4.3956,-1.168,0.1217,-0.0015429,-0.072825,0.012104,0.072016,-0.36332,0.096557,-0.3443,-0.1158,-0.10905,-0.14865,-0.49346,0.097571
18.506,0.0041283,0.027451,9.5287,0.096817,-0.13543,-0.14958,0.1702,0.63205,1,2,0.476,1,0,0,-0.17262,-0.039864,0.058175,0.80167,-0.38605,-0.011288,-0.49802,-0.24128,-0.011635,0.19627,-0.32045,0.010901,0.084744,0.043557,-0.12575,-0.46492,0.031471,0.3364,0.28949,0.036327,0.023601,-0.11083,0.093507,0.044748,-0.069817,-6.135,1.5527,-0.5526,3.3719,0.35437,9.6386,5.7273,-0.79363,4.8879,0.39324,-0.40637,-0.024891,0.039853,-0.051319,-0.069366,-0.39247,0.13059,-0.33006,-0.11299,-0.10516,0.056159,-0.30194,0.15408
18.521,0.00088381,0.015265,9.1306,0.092035,-0.13028,-0.1629,0.26398,0.56379,1,2,0.516,1,0,0,-0.17185,-0.039483,0.054742,0.79023,-0.38146,-0.0049794,-0.49191,-0.23938,-0.011254,0.19398,-0.31841,0.0084646,0.010962,0.021141,-0.17281,-0.53366,0.26225,0.25969,0.29983,0.073228,0.036453,-0.11393,0.09336,-0.22178,1.0473,-6.3574,2.4055,0.087253,2.3604,-0.19857,8.9917,6.7281,-1.0467,4.8879,0.12718,0.011087,-0.073521,0.19019,-0.115,-0.19878,-0.46269,0.12677,-0.31048,-0.11258,-0.052065,0.43132,0.014897,0.21505
18.553,0.0014,0.031972,8.802,0.08826,-0.1259,-0.10227,0.2533,0.60429,1,2,0.56,1,0,0,-0.16995,-0.03872,0.050546,0.77306,-0.37155,-0.0093269,-0.48085,-0.23861,-0.0085832,0.1875,-0.31579,-0.007342,0.06964,0.015247,-0.08769,-0.51698,0.36711,-0.34449,0.37291,0.00738,0.13829,-0.22771,0.038045,-0.26224,1.4662,-5.8014,2.4055,0.72711,2.0218,-0.015164,10.156,8.3505,-2.0429,6.7868,0.35699,0.58596,-0.094772,0.23262,-0.12236,-0.14863,-0.38518,0.087698,-0.40984,-0.076689,0.035393,0.68714,0.09703,0.25543
18.573,0.0050555,0.020041,8.5421,0.085481,-0.1223,-0.093907,0.24582,0.49988,1,2,0.596,1,0,0,-0.1669,-0.039101,0.050546,0.76123,-0.36652,-0.0078378,-0.4736,-0.23747,-0.0055314,0.18254,-0.3157,9.9509e-05,0.14865,-0.033447,0.014433,-0.54727,0.17292,0.26484,0.35137,0.059456,0.12153,-0.17379,0.051653,0.19503,0.34908,-5.3936,1.8978,0.78527,1.2632,-0.10175,9.3799,8.5747,-1.9703,7.0681,1.3168,0.38011,-0.075035,0.19137,-0.12238,-0.076722,-0.29769,0.098181,-0.47969,-0.036777,0.051583,0.76284,0.041053,0.30086
18.603,0.00098106,0.029382,8.0895,0.078608,-0.1174,-0.19982,0.23658,0.51782,1,2,0.636,1,0,0,-0.16194,-0.03872,0.050546,0.7517,-0.36389,-0.0016481,-0.46597,-0.23556,-0.0055314,0.18139,-0.31181,-0.004199,0.25871,0.03603,-0.009964,-0.49888,0.092163,0.20176,0.39941,0.078753,0.015375,-0.050389,0.16711,-0.14144,-1.1869,-5.4678,2.0429,0.61077,2.0538,-0.34314,9.2505,9.4341,-1.8495,7.0681,1.6554,0.62827,-0.040088,0.15529,-0.095552,-0.060397,-0.29792,0.10214,-0.51893,-0.027473,0.050628,0.78383,-0.011876,0.29062
