t_s,low_state_age_s,policy_state_age_s,low_state_seq,tick_dt_s,tilt_deg,roll,pitch,gx,gy,gz,walking,gait_freq,gait_process,pub_hz,goal_x,goal_y,heading_err,q0,q1,q2,q3,q4,q5,q6,q7,q8,q9,q10,q11,dq0,dq1,dq2,dq3,dq4,dq5,dq6,dq7,dq8,dq9,dq10,dq11,tau0,tau1,tau2,tau3,tau4,tau5,tau6,tau7,tau8,tau9,tau10,tau11,act0,act1,act2,act3,act4,act5,act6,act7,act8,act9,act10,act11,gate_rej_legs,gate_rej_total,gate_samples,gate_dt_p99_ms,gate_dt_max_ms
37.326,0.0015944,0.01822,12945,0,4.3306,0.009077,0.075038,0.026504,0.29919,0.070722,0,0,0,99.778,0,0,0,-0.19932,-0.011254,0.0040055,0.39845,-0.25799,0.0063715,-0.19551,0.013161,-0.0040055,0.40379,-0.25155,-0.0055495,-0.11523,-0.0090833,0.00015305,0.10252,-0.074573,0.0022344,-0.017674,-0.017367,0.00017591,0.026438,-0.23483,0.10193,0.62835,3.3516,0.51758,-0.66894,2.6537,-1.5631,-1.0473,-3.7179,0.88564,-1.8323,2.4216,1.1319,0.070811,0.00080953,0.053738,-0.077297,0.27308,-0.0032186,0.11027,-0.035079,-0.069237,-0.11259,0.34115,0.0083873,0,0,12949,10,1009.4
37.333,0.0013236,0.0069361,12951,0.0073339,4.4141,0.0092166,0.076489,0.031524,0.35138,0.058194,0,0,0,99.777,0,0,0,-0.20123,-0.011254,0.0040055,0.39921,-0.25916,0.0059648,-0.19665,0.013161,-0.0040055,0.40379,-0.25564,-0.0020193,-0.12368,-0.0034861,0.0063375,0.022367,-0.073084,-0.014423,-0.063854,-0.00064915,0.0080512,0.010946,-0.27176,0.19826,0.62835,3.9744,0.12652,-0.3781,2.8486,-1.614,-0.20945,-4.3773,1.0237,-1.1925,2.3303,0.46618,0.055268,-0.00044233,0.058154,-0.038291,0.31879,-0.0043226,0.10674,-0.034195,-0.059047,-0.055508,0.42452,-0.0078434,0,0,12951,10,1009.4
37.356,0.001432,0.0048144,12960,0.023089,4.8809,0.0099549,0.084605,0.031586,0.36989,0.028446,0,0,0,99.781,0,0,0,-0.20199,-0.011254,0.0040055,0.39921,-0.26106,0.0060675,-0.19741,0.013161,-0.0040055,0.40379,-0.25816,-0.0049705,-0.043141,-0.0057064,-0.003215,-0.0091119,-0.09222,0.037793,-0.033411,-0.0063324,-0.010221,-0.0017967,-0.09556,-0.18162,-0.069817,3.7912,0.14952,0.14542,3.2894,-1.5322,-0.62835,-3.9377,0.74762,-0.95978,1.7777,0.76627,0.046909,-0.0040191,0.053112,-0.023195,0.32207,-0.0017599,0.11843,-0.035119,-0.052072,-0.040615,0.4596,-0.0076522,0,0,12961,10,1009.4
37.376,0.0050573,0.0099521,12967,0.020479,5.597,0.01144,0.097016,0.03288,0.3453,0.031297,0,0,0,99.781,0,0,0,-0.20199,-0.011254,0.0032425,0.39921,-0.26228,0.0066053,-0.19818,0.013161,-0.0040055,0.40379,-0.25885,-0.0045364,-0.0093613,-0.0063568,-0.041591,0.00047169,-0.075091,0.018713,-0.028686,0.00027048,0.00079435,0.0021975,-0.055829,0.025894,1.4662,3.8645,-0.42557,0.3781,4.1502,-1.3256,0.069817,-3.6081,1.0237,-1.1343,2.307,1.0895,0.035895,-0.0080682,0.053526,-0.017853,0.30939,0.00085656,0.12577,-0.036985,-0.046812,-0.03561,0.4734,-0.0085684,0,0,12969,10,1009.4
37.396,0.0057856,0.0089755,12975,0.019192,5.9451,0.012503,0.10301,0.044664,0.25169,0.028688,0,0,0,99.776,0,0,0,-0.20352,-0.012016,0.0013352,0.39921,-0.28021,0.026707,-0.19703,0.016213,-0.004387,0.40494,-0.27719,-0.028879,-0.024787,0.044866,-0.016322,-0.010316,-0.6495,0.60004,0.016806,0.13439,-0.054476,0.081353,-0.59505,-0.4158,0.069817,1.2407,0.080513,0.14542,2.5051,-1.383,-0.20945,-1.9206,0.47158,-0.90161,1.3653,0.66891,0.0019296,-0.020549,0.057282,-0.0043752,0.25573,0.0081597,0.14721,-0.050686,-0.03645,-0.042122,0.50907,0.0031209,0,0,12976,10,1009.4
37.424,0.0015183,0.011569,12983,0.028226,6.0044,0.010056,0.10432,-0.082477,0.095124,0.066028,0,0,0,99.777,0,0,0,-0.19017,-0.011254,0.012398,0.39311,-0.27157,0.031316,-0.18254,0.018883,-0.020027,0.3996,-0.2579,-0.014819,0.85163,0.017074,0.77714,-0.39113,0.86181,0.17501,0.95641,0.051411,-1.0048,-0.44307,1.4599,0.5488,1.0473,0.86681,1.4147,-1.5415,11.804,-1.8253,5.9344,-4.2308,-0.6096,-2.8212,15.316,1.5223,-0.0089408,-0.01034,0.05073,-0.0087567,0.25938,0.03475,0.1886,-0.043374,-0.012069,0.0063844,0.54206,-0.00974,0,0,12986,10,1009.4
37.436,0.0052392,0.0088508,12990,0.011888,5.7609,0.0075089,0.10027,-0.19475,-0.20263,0.23627,0,0,0,99.774,0,0,0,-0.16499,-0.0093462,0.033379,0.37747,-0.2271,0.029723,-0.15164,0.018502,-0.045205,0.37594,-0.21172,-0.032982,1.2144,0.095387,1.0427,-0.80164,2.3726,-0.14517,1.6414,-0.032323,-1.0907,-1.2744,2.5088,-0.84193,-1.1869,0.62886,-0.034505,0.61077,11.542,-1.7648,3.0021,-4.4505,0.14952,0.84344,16.193,1.3952,0.0085195,0.0089399,0.051365,-0.03746,0.2557,0.037748,0.20147,-0.033949,-0.031139,-0.0092942,0.48433,-0.018407,0,0,12991,10,1009.4
37.456,0.00138,0.0044551,12998,0.019832,5.4375,0.0074918,0.094608,-0.04586,-0.29874,0.30667,0,0,0,99.781,0,0,0,-0.15164,-0.010109,0.046349,0.36374,-0.17308,0.024515,-0.12264,0.018883,-0.053597,0.34924,-0.14828,-0.019994,0.67001,-0.035879,0.66469,-0.7242,2.9599,-0.39331,1.5154,0.019624,-0.3893,-1.4423,3.5143,0.99385,-1.6058,0.73084,-0.28755,1.6578,8.2484,-1.8361,3.0021,-5.3195,0.88564,2.4722,14.369,0.028056,0.041626,-0.012559,0.063388,-0.076786,0.24014,0.048383,0.2046,-0.028265,-0.058377,-0.08109,0.43332,0.0013366,0,0,12999,10,1009.4
37.484,0.0015631,0.0118,13006,0.028069,4.9615,0.0076325,0.086258,-0.023668,-0.32185,0.38265,0,0,0,99.775,0,0,0,-0.15049,-0.011254,0.052834,0.35916,-0.099775,0.017118,-0.10014,0.016976,-0.050164,0.32635,-0.072502,-0.0075119,-0.16771,-0.046868,0.20703,-0.076889,3.381,-0.19664,0.88061,-0.16097,0.21779,-0.89853,3.471,0.2625,-3.1418,-0.4589,0.31055,1.5996,3.4442,-0.76832,4.1192,-4.6703,0.81663,4.4659,11.664,0.44738,0.055766,-0.011271,0.066893,-0.11657,0.2068,0.02688,0.1968,-0.011931,-0.071712,-0.13454,0.33978,0.013584,0,0,13009,10,1009.4
37.503,0.0012721,0.011115,13014,0.019621,4.7954,0.0082814,0.083286,-0.045904,-0.14826,0.5696,0,0,0,99.775,0,0,0,-0.15965,-0.012779,0.052834,0.36793,-0.049019,0.014146,-0.092126,0.012398,-0.045586,0.31834,-0.014906,-0.0067865,-0.56,-0.077225,0.0036418,0.55422,2.6829,-0.071151,0.44946,-0.23987,0.22742,-0.38632,3.0342,-0.0089878,-2.5832,-0.79883,0.67861,0.5526,1.0317,-0.38913,2.5832,-5.2453,0.42557,4.1143,10.746,1.0241,0.086745,0.00077859,0.063864,-0.12037,0.26347,0.020384,0.1896,-0.0042349,-0.077368,-0.13837,0.32603,0.0083818,0,0,13017,10,1009.4
37.517,0.0056882,0.010179,13021,0.013528,4.726,0.009312,0.081959,-0.0068688,-0.11126,0.70496,0,0,0,99.776,0,0,0,-0.17224,-0.011254,0.052453,0.38624,-0.0090076,0.017347,-0.081445,0.011254,-0.035668,0.31949,0.033997,-0.0066129,-0.5579,0.11015,-0.044788,0.95121,1.8315,0.27375,0.52313,-0.014259,0.59328,0.12611,2.3311,0.026103,-3.9796,0.62886,0.057509,-2.065,0.083202,0.8619,6.6326,-4.011,0.080513,6.2945,8.9841,-0.37429,0.085077,-0.013521,0.066218,-0.07568,0.33527,0.064089,0.18732,-0.021189,-0.062291,-0.13448,0.41318,0.026409,0,0,13023,10,1009.4
37.542,0.0012757,0.0097868,13029,0.0253,4.3372,0.0064922,0.07542,-0.14061,-0.24145,0.82809,0,0,0,99.778,0,0,0,-0.17147,-0.0085832,0.052071,0.39578,0.011926,0.037306,-0.068475,0.0097276,-0.030709,0.32483,0.060965,-0.0099444,0.086701,0.024914,0.025889,0.30102,0.8739,1.0215,0.73798,-0.097041,0.17853,0.2724,1.1868,-0.25124,-1.6058,0.42491,0.14952,-3.6923,-1.394,-0.091149,5.2363,-3.2051,-1.7286,1.9486,6.2923,0.19574,0.10404,0.019074,0.058735,-0.046226,0.43985,0.066305,0.1763,0.0049625,-0.059363,-0.096919,0.42384,0.0052092,0,0,13031,10,1009.4
37.561,0.0015712,0.0094974,13037,0.019086,3.5394,0.001055,0.061765,-0.32742,-0.62918,0.87554,0,0,0,99.78,0,0,0,-0.15774,-0.011635,0.053597,0.38319,0.014529,0.059955,-0.043297,0.010109,-0.042153,0.32597,0.067057,-0.0084915,0.654,-0.10512,0.052478,-0.72798,-0.0059448,0.84869,1.2118,0.062,-0.66276,-0.026006,0.19501,0.15436,-2.5832,-0.25495,0.90864,-2.9375,-0.80324,-0.74112,3.1418,-3.7179,-1.1157,-0.49443,5.263,0.26085,0.13267,0.051008,0.043923,-0.077747,0.4717,0.040678,0.16064,0.041336,-0.072639,-0.10431,0.32228,-0.0061499,0,0,13039,10,1009.4
37.583,0.0051165,0.017235,13044,0.022066,2.5308,-0.0046317,0.043928,-0.32316,-0.79829,1.0298,0,0,0,99.777,0,0,0,-0.14363,-0.010109,0.054742,0.35801,0.0058157,0.059782,-0.022698,0.013924,-0.057412,0.31872,0.059445,-0.0025412,0.75151,0.088461,0.07168,-1.4926,-0.5446,-0.1876,1.1183,0.22632,-0.81549,-0.51533,-0.60945,0.40595,-1.8851,0.32293,0.58659,-3.9736,-0.89513,-1.0569,-0.62835,-2.7656,0.56359,-1.5996,3.0349,0.77261,0.11243,0.048445,0.053568,-0.16112,0.31652,0.032328,0.1881,0.050993,-0.069172,-0.16434,0.2516,0.0049181,0,0,13049,10,1009.4
37.597,0.0013566,0.0054681,13054,0.013767,2.1331,-0.0099031,0.03589,-0.28597,-0.44761,0.90482,0,0,0,99.778,0,0,0,-0.11387,-0.010872,0.058175,0.32177,-0.019245,0.027615,0.0055314,0.016976,-0.070764,0.29507,0.022322,0.0092191,1.123,-0.15535,0.20287,-1.1501,-0.98076,-1.1313,1.1181,-0.033046,-0.29105,-0.86096,-1.3251,0.39117,-3.1418,0.62886,-0.14952,0.49443,5.9743,0.61751,-3.421,-2.0905,0.6326,-1.4251,7.97,0.29169,0.19749,0.0643,0.047239,-0.16622,0.46422,-0.027893,0.18351,0.068397,-0.11476,-0.13243,0.28997,-0.014205,0,0,13056,10,1009.4
37.624,0.0013977,0.011034,13062,0.026694,2.8404,-0.011633,0.048192,-0.14987,0.37043,0.84668,0,0,0,99.773,0,0,0,-0.097848,-0.016976,0.065042,0.30652,-0.04835,0.052634,0.020027,0.013542,-0.071908,0.27943,-0.0016609,0.015876,0.61972,-0.21556,0.25215,-0.71651,-1.4859,1.6379,0.55462,-0.12076,-0.058715,-0.77106,-1.1791,0.28838,-0.48872,1.7506,0.97766,2.414,10.443,0.063712,-3.8399,-1.5127,1.0467,0.84344,9.2391,-0.15977,0.30625,0.058136,0.030722,-0.10678,0.72791,-0.025169,0.15335,0.052687,-0.1435,-0.071395,0.361,-0.015657,0,0,13065,10,1009.4
37.643,0.0057625,0.015396,13069,0.018817,3.8601,-0.011115,0.06645,-0.012362,0.80217,0.76768,0,0,0,99.778,0,0,0,-0.097848,-0.01812,0.063134,0.30385,-0.058851,0.077639,0.020409,0.011635,-0.067712,0.27333,-0.014771,0.015262,-0.059926,-0.080265,-0.1453,-0.23304,-0.71264,1.6953,0.022399,-0.093778,0.29649,-0.41757,-0.91458,-0.015037,1.4662,3.6081,0.21853,3.833,12.772,0.16824,-3.421,-1.0028,0.35656,1.716,9.4015,-0.52924,0.35825,0.053958,0.0011318,-0.056125,0.82438,0.048695,0.09791,0.035282,-0.13819,-0.045906,0.33578,0.0033219,0,0,13072,10,1009.4
37.665,0.0015267,0.012589,13077,0.02205,4.84,-0.012393,0.083562,-0.086184,1.0184,0.51341,0,0,0,99.769,0,0,0,-0.1112,-0.021172,0.056268,0.30041,-0.064063,0.077904,0.0082017,0.015068,-0.065805,0.276,-0.029974,0.0045227,-0.66788,-0.17739,-0.34854,-0.2219,-0.22653,-0.26427,-0.70277,0.16882,-0.025411,0.19299,-0.83056,-0.61251,5.0966,6.7281,-0.28755,2.5303,14.954,-1.6134,-3.421,0.9348,-0.14952,1.367,4.9287,-0.56908,0.37997,0.075322,-0.014389,-0.046451,0.86309,0.042257,0.069699,0.057569,-0.14391,-0.042243,0.25617,-0.012537,0,0,13081,10,1009.4
37.676,0.0050997,0.0098217,13084,0.011587,5.5661,-0.012932,0.096284,-0.067555,0.89223,0.2572,0,0,0,99.78,0,0,0,-0.11997,-0.023079,0.050164,0.29355,-0.069229,0.067499,-0.0051499,0.020027,-0.068856,0.27905,-0.038709,-0.0010127,-0.53813,-0.15464,-0.40104,-0.52076,-0.39958,-0.69101,-0.87512,0.36391,-0.16671,0.17551,-0.59247,-0.39192,7.1804,7.2471,0.28755,-0.84344,12.232,-2.6169,0.069817,1.0708,-1.0927,-0.84344,2.4852,-0.23789,0.35323,0.074552,-0.0082667,-0.04571,0.82079,0.044354,0.070019,0.043168,-0.13741,-0.069499,0.22581,-0.0077289,0,0,13086,10,1009.4
37.706,0.0015081,0.01008,13093,0.02973,6.0463,-0.01616,0.10429,-0.12133,0.39871,-0.11016,0,0,0,99.776,0,0,0,-0.098611,-0.022316,0.044442,0.24701,-0.065492,0.034327,-0.013924,0.029946,-0.090982,0.27638,-0.035556,-0.0085442,0.96665,0.035602,-0.15488,-2.1043,0.12393,-0.84402,-0.036296,0.14611,-1.0286,-0.078372,0.22423,-0.16803,5.7948,8.6495,0.6556,2.3558,13.724,-3.5061,-0.76799,2.5092,-0.58659,-0.78527,3.5023,-0.44931,0.35906,0.079502,-0.0067664,-0.0607,0.78612,0.053027,0.082004,0.046198,-0.13329,-0.09493,0.21656,0.0054695,0,0,13095,10,1009.4
37.725,0.0050743,0.018769,13097,0.019251,6.0887,-0.019097,0.10454,-0.14652,0.26978,-0.14727,0,0,0,99.779,0,0,0,-0.084497,-0.022316,0.043297,0.22908,-0.063346,0.032163,-0.013542,0.03109,-0.1009,0.27638,-0.033238,-0.0076172,1.5151,-0.0026021,-0.14689,-2.187,0.28501,-0.42778,0.035954,0.1531,-1.1838,-0.0035842,0.29643,0.015523,8.9917,8.5374,0.14952,5.9429,20.431,-3.1875,-2.0247,1.8526,-0.42557,1.7741,4.3849,-0.26713,0.38804,0.082821,-0.015163,-0.072919,0.83788,0.043987,0.059221,0.051155,-0.14585,-0.083401,0.19805,0.0034206,0,0,13102,10,1009.4
37.737,0.0058688,0.010913,13104,0.011625,5.8599,-0.019536,0.1004,-0.10518,-0.067975,-0.38099,0,0,0,99.782,0,0,0,-0.047112,-0.022698,0.035668,0.18711,-0.034569,0.036594,-0.014687,0.032998,-0.12608,0.28744,-0.017776,-0.0058337,1.7572,-0.015563,-0.45281,-2.0744,1.5071,0.50896,-0.1581,0.017513,-1.1296,0.66681,0.78119,0.19469,13.002,7.4325,-1.2307,14.384,27.187,-2.1654,-5.6552,0.76484,0.19553,2.3558,4.5489,-0.090917,0.39409,0.074357,-0.022573,-0.090737,0.79338,0.047868,0.046913,0.047308,-0.13895,-0.11211,0.15938,0.016346,0,0,13106,10,1009.4
37.774,0.0014239,0.021908,13113,0.036942,4.2733,-0.011145,0.073747,0.1792,-0.55308,-0.68057,0,0,0,99.778,0,0,0,-0.010109,-0.023079,0.01545,0.15965,0.015344,0.062079,-0.02842,0.028038,-0.13828,0.31872,-0.0025167,0.00040593,1.6205,-0.017893,-0.95393,-0.99511,2.543,0.95809,-0.686,-0.29383,-0.46001,1.6057,0.66663,0.23949,14.073,8.6495,-0.057509,18.293,27.7,-0.50626,-6.6326,3.1319,0.21853,0.3781,1.6293,-0.2704,0.31398,0.048044,-0.011763,-0.13563,0.63021,0.11175,0.079908,0.023182,-0.096504,-0.15054,0.17058,0.048692,0,0,13119,10,1009.4
37.787,0.0016054,0.011575,13122,0.013653,3.1091,-0.0036187,0.054143,0.47531,-1.0084,-0.96269,0,0,0,99.782,0,0,0,0.018502,-0.024224,-0.0074388,0.16918,0.098255,0.063982,-0.052071,0.020409,-0.13714,0.37175,0.0055108,-0.003975,0.74368,-0.042417,-0.56517,0.82668,2.6278,-0.45617,-0.84557,-0.07863,0.23259,1.2579,0.14676,-0.24844,10.803,9.6209,0.74762,13.444,20.258,-0.4472,-5.3759,1.8866,-0.10352,-5.3099,-1.5701,-0.10986,0.17926,-0.024384,0.014238,-0.22654,0.32759,0.079091,0.16014,0.0044418,-0.060431,-0.19815,0.1681,0.081779,0,0,13125,10,1009.4
37.796,0.0014952,0.0045198,13127,0.0086314,2.2768,0.0014911,0.03971,0.48021,-1.1185,-1.0699,0,0,0,99.776,0,0,0,0.025368,-0.024987,-0.011254,0.18025,0.12235,0.056818,-0.058175,0.021553,-0.13523,0.37785,0.0052614,-0.0043638,0.67585,-0.065196,-0.39659,1.0699,2.4451,-0.6251,-0.61132,0.11118,0.18096,0.68243,-0.0025319,-0.068106,10.674,9.7703,0.54059,12.111,17.726,-0.072209,-5.5155,1.5807,0.40256,-5.4506,-1.2097,0.042371,0.17987,-0.062254,0.024347,-0.26991,0.17289,0.035717,0.17457,-0.02022,-0.10132,-0.23732,0.077699,0.1083,0,0,13128,10,1009.4
37.822,0.0051841,0.014859,13134,0.025839,0.87192,0.0094772,0.011907,0.44389,-1.334,-1.3397,0,0,0,99.777,0,0,0,0.043297,-0.024987,-0.012016,0.20657,0.16815,0.044818,-0.06733,0.028801,-0.13523,0.37137,0.00099476,0.0024893,0.97945,-0.013248,-0.024068,1.3072,2.3117,-0.55557,-0.51274,0.38004,-0.031825,-0.46373,-0.24627,0.39867,9.5092,9.4714,-0.17253,8.3144,17.179,-0.11849,-6.7722,0.76484,-0.37956,-4.1143,-1.1183,0.1684,0.20402,-0.073822,0.0095995,-0.23997,0.15962,0.011509,0.11954,-0.038604,-0.095343,-0.30887,-0.035912,0.13651,0,0,13136,10,1009.4
37.836,0.0015544,0.0047119,13141,0.014023,1.3217,0.017213,-0.015359,0.43511,-1.4838,-1.7298,0,0,0,99.778,0,0,0,0.065042,-0.025368,-0.012398,0.22526,0.20419,0.038527,-0.074197,0.038338,-0.13676,0.35306,-0.010611,0.013562,1.2322,-0.014647,-0.033793,0.93545,1.8762,-0.27702,-0.31952,0.55766,-0.0927,-1.0933,-0.72055,0.64682,7.5686,8.6495,-0.54059,6.3648,15.662,0.09093,-6.493,0.4589,0.011502,-2.4722,-0.75713,0.0084959,0.24296,-0.083824,0.00048221,-0.18669,0.17524,0.00376,0.067163,-0.059509,-0.091555,-0.39299,-0.11049,0.17896,0,0,13142,10,1009.4
37.863,0.0054775,0.017458,13148,0.027443,3.7407,0.030679,-0.05764,0.42757,-1.6287,-2.1187,0,0,0,99.778,0,0,0,0.097086,-0.025368,-0.013924,0.2409,0.23773,0.037171,-0.085641,0.046731,-0.13905,0.32406,-0.036112,0.023157,1.635,-0.017812,-0.076198,0.74643,1.6321,-0.10128,-0.63814,0.40498,-0.08228,-1.464,-1.2974,0.3727,3.8399,8.2385,-0.011502,3.833,10.255,1.664,-4.3985,-1.7166,1.1617,-1.716,-1.166,0.19003,0.29279,-0.085104,-0.0011113,-0.16026,0.17414,0.018625,0.031659,-0.051498,-0.11493,-0.45026,-0.15684,0.23477,0,0,13152,10,1009.4
37.883,0.0012853,0.011058,13157,0.019147,5.7429,0.045773,-0.089202,0.50704,-1.7562,-2.3176,0,0,0,99.778,0,0,0,0.10586,-0.042916,-0.0085832,0.24662,0.22928,0.056588,-0.092889,0.061227,-0.11845,0.27218,-0.072841,0.047296,-0.16546,-0.90725,0.31446,-0.017866,-1.2525,1.0372,-0.10486,0.5067,1.021,-2.2287,-1.2359,1.4544,-11.45,3.2784,1.4377,-8.7741,-4.7695,0.0040027,5.9344,-6.4316,0.51758,-1.367,-0.88095,0.92592,0.35087,0.013612,0.0034688,-0.19917,0.22643,0.10672,-0.10703,-0.014703,-0.11176,-0.41945,-0.23984,0.27138,0,0,13160,10,1009.4
37.903,0.0014713,0.010092,13166,0.020421,7.5404,0.073481,-0.10928,1.1066,-1.027,-1.0961,0,0,0,99.78,0,0,0,0.1112,-0.065423,0.0097276,0.24166,0.1337,0.081298,-0.099374,0.053979,-0.10243,0.19322,-0.11147,0.11442,-0.24772,-0.89642,0.89077,-0.55264,-4.6347,0.94113,-0.06677,-0.50102,0.48308,-3.4058,-1.5972,2.9812,-8.2155,1.6826,-1.1387,-5.8725,-2.7629,-1.4415,3.9796,-5.0971,0.40256,0.3781,-3.0245,-0.010909,0.38461,-0.070678,0.032765,-0.025778,0.38614,0.10002,-0.12758,-0.038782,-0.072547,-0.53215,-0.29799,0.30901,0,0,13168,10,1009.4
37.916,0.0053362,0.0097995,13172,0.013011,8.6663,0.096773,-0.11643,1.2428,-0.54041,-0.53584,0,0,0,99.78,0,0,0,0.09556,-0.083352,0.020409,0.22297,0.032842,0.071824,-0.10433,0.032616,-0.1009,0.12875,-0.15652,0.1616,-0.88062,-1.03,0.43728,-1.0207,-5.6018,-0.85727,-0.45251,-1.2239,0.060794,-3.6892,-2.7096,2.5771,-4.2588,1.1727,-1.4837,-0.90161,0.097831,-1.6536,-0.20945,-5.4307,1.0007,-1.9486,-4.7076,0.58964,0.46211,-0.131,0.023606,0.095844,0.36407,0.075164,-0.20897,-0.069535,-0.11295,-0.67128,-0.33114,0.33691,0,0,13174,10,1009.4
37.936,0.0048294,0.009027,13181,0.020088,9.687,0.11894,-0.12045,1.3522,-0.24838,-0.27099,0,0,0,99.779,0,0,0,0.074197,-0.092889,0.016594,0.20619,-0.054954,0.018892,-0.11692,0.019646,-0.11006,0.074578,-0.19057,0.17675,-1.0613,-0.32927,-0.26607,-0.89312,-4.7516,-3.3047,-0.67074,-0.19896,-0.83674,-2.4725,-0.8275,0.18065,-3.9796,-2.2605,-0.21853,0.78527,2.6279,-0.077984,0.48872,-15.24,4.8231,-11.456,-16.163,2.1876,0.44524,-0.21355,0.0097078,0.14023,0.30192,0.042781,-0.23343,-0.18317,-0.081413,-0.82465,-0.46789,0.55625,0,0,13182,10,1009.4
37.987,0.0014566,0.035323,13188,0.050647,9.4702,0.10336,-0.12921,0.1312,-0.2591,-0.11245,0,0,0,99.763,0,0,0,0.055123,-0.070382,0.0028611,0.19703,-0.11072,-0.03905,-0.11158,0.055886,-0.12646,0.083352,-0.12209,0.098665,-1.3988,1.3912,-0.73369,-0.55554,-2.9,-3.1208,0.54639,1.701,-0.60054,0.52003,3.6669,-4.5206,8.4742,-4.4872,1.0927,4.9582,2.1664,2.3045,-6.7923,-11.127,1.1617,-9.0807,-13.517,6.2365,0.33736,-0.12746,0.013203,-0.0015038,0.19689,0.011227,-0.20914,-0.2277,-0.016644,-0.68419,-0.34353,0.60333,0,0,13193,10,1009.4
38.007,0.0015361,0.012561,13196,0.02019,9.2673,0.095211,-0.13095,-0.95618,-0.43454,-0.35175,0,0,0,99.781,0,0,0,0.02842,-0.039483,-0.0040055,0.18673,-0.13597,-0.0058006,-0.11349,0.058938,-0.12379,0.093271,-0.11627,0.098933,-0.90775,1.359,-0.061229,-0.44986,-0.74504,3.0446,-0.45407,0.046247,-0.044215,0.30206,-0.86517,2.1787,11.062,1.9546,-0.21853,2.4722,3.5433,3.2981,-15.433,-7.4325,2.5022,-10.23,-13.3,6.4641,0.34694,0.097687,0.058535,-0.32794,0.014764,0.010169,-0.060136,-0.014576,-0.24136,-0.37236,-0.11515,0.18903,0,0,13199,10,1009.4
38.037,0.0014763,0.021465,13204,0.03027,9.2654,0.094278,-0.13158,-0.50498,-0.20357,-1.774,0,0,0,99.779,0,0,0,0.026131,-0.030709,0.0066758,0.18978,-0.10176,0.11602,-0.13447,0.07496,-0.1257,0.107,-0.17239,0.25536,0.070453,0.26987,0.5934,0.48016,2.4051,5.585,-1.2442,0.86958,-0.050295,0.87334,-2.4502,8.4047,17.336,-8.6495,0.58659,17.257,4.4086,-1.892,-21.692,-12.647,2.2363,-15.09,-15.243,3.5991,0.058202,0.30413,0.087027,-0.88613,-0.17738,0.32443,0.1771,0.12883,-0.17821,0.03856,-0.020348,0.37664,0,0,13209,10,1009.4
38.055,0.0012447,0.01572,13212,0.017559,9.0129,0.091819,-0.12791,-0.48411,-0.12166,-3.1352,0,0,0,99.774,0,0,0,0.034905,-0.030709,0.012779,0.25044,-0.0050229,0.15649,-0.15774,0.068856,-0.12341,0.15621,-0.22743,0.37847,0.32961,-0.50392,0.19336,3.1893,4.4039,0.2699,-1.1577,-0.63702,0.16204,2.4508,-2.5474,4.827,18.152,-11.517,0.10352,17.257,-1.226,-4.2612,-22.524,-20.125,3.4451,-20.365,-18.54,8.1408,-0.12587,0.54374,0.030318,-0.80752,0.040009,0.49572,0.26557,0.15646,-0.14573,0.25077,0.099813,0.24204,0,0,13215,10,1009.4
38.066,0.0014661,0.011287,13217,0.011776,9.1129,0.11789,-0.10701,-0.6164,-0.13385,-3.5039,0,0,0,99.776,0,0,0,0.04139,-0.04902,0.012016,0.29622,0.0382,0.12728,-0.17414,0.057794,-0.12303,0.18254,-0.27119,0.38219,0.60597,-1.5888,-0.027866,4.4861,4.3218,-2.2991,-1.5431,-1.0393,0.060725,2.6035,-4.116,1.0235,17.472,-9.5835,-0.14952,11.456,-0.97874,-2.6274,-19.92,-19.064,4.4473,-21.96,-15.987,6.2912,-0.087984,0.37953,-0.039311,-0.56865,0.4665,0.37648,0.15193,0.17758,-0.19768,0.047702,-0.076375,0.1732,6,6,13220,10,1009.4
38.085,0.0012233,0.0091566,13225,0.018193,9.0159,0.12897,-0.090413,0.43031,0.36206,-5.0702,0,0,0,99.785,0,0,0,0.096323,-0.20695,0.01812,0.50412,0.11894,-0.023289,-0.24128,0.026131,-0.11463,0.25654,-0.49014,0.41661,1.1533,-3.4369,0.62671,3.0344,-0.40051,-1.0864,-1.1025,-0.77083,0.83592,0.54463,-3.2062,0.336,2.7229,13.57,-2.4538,-8.0078,-4.5001,1.6985,-12.873,-22.559,6.9633,-23.165,-7.9314,8.7041,0.015313,0.20344,-0.018903,-0.063068,1,0.0054602,0.16011,-0.11079,-0.21158,0.0044492,0.03766,0.14591,10,10,13227,10,1009.4
38.114,0.001434,0.018875,13233,0.029506,7.448,0.12287,-0.042533,-0.28747,1.0439,-4.3646,0,0,0,99.777,0,0,0,0.13561,-0.23785,0.061608,0.47627,0.082257,0.0025462,-0.25082,0.044823,-0.15087,0.22908,-0.49365,0.34746,2.1422,-0.27427,2.1354,-2.6826,-2.6474,1.5295,-0.0058582,1.1039,-2.7639,-1.8322,1.1543,-6.0418,-6.493,26.864,-4.347,-24.048,-5.4326,0.68926,-1.4662,-9.1725,-0.83963,-17.894,1.0441,-1.4579,0.16484,-0.047725,0.10894,0.040278,0.84006,0.10241,0.14587,-0.071709,-0.081661,-0.084902,0.38706,0.3623,14,14,13237,10,1009.4
38.127,0.0018001,0.012351,13239,0.013054,5.5486,0.096685,0.0055173,-0.96463,1.4158,-3.4701,0,0,0,99.778,0,0,0,0.17338,-0.21687,0.086023,0.4099,-0.038602,0.031171,-0.24968,0.063897,-0.19665,0.18635,-0.45806,0.10487,2.9545,1.5987,1.9435,-5.3306,-5.9217,2.2121,0.05903,1.6136,-3.7454,-3.3599,3.1852,-9.2716,-19.104,30.732,-4.1716,-19.807,-8.19,4.9257,8.9917,-5.1341,6.0037,5.2396,2.6811,7.1554,0.22973,-0.1071,0.21395,-0.13432,0.67076,0.24176,0.13322,0.053908,-0.2047,0.020843,0.42674,0.3758,18,18,13242,10,1009.4
38.152,0.0013072,0.010836,13248,0.025175,4.4075,0.036209,0.067886,-2.2676,2.7015,0.18734,0,0,0,99.78,0,0,0,0.20733,-0.004387,0.107,0.1585,-0.25491,0.28437,-0.23823,0.14744,-0.21916,0.16651,-0.23609,0.43543,0.2153,7.9917,-0.41245,-7.3234,-2.3081,14.724,-0.14864,2.564,0.98085,1.6591,7.6906,10.523,-33.968,18.347,-6.3668,-1.716,14.304,-4.8788,18.152,-4.3773,1.0467,22.04,-4.8843,-3.7732,0.58257,-0.0015132,0.1975,0.034808,0.19601,0.27785,-0.14946,-0.25036,0.13187,-0.12139,-0.06658,0.19817,27,27,13251,10,1009.4
38.165,0.0013643,0.0092223,13255,0.012614,5.157,0.0023225,0.089976,-3.4049,2.2074,2.1336,0,0,0,99.779,0,0,0,0.15698,0.13485,0.066567,0.071145,-0.24471,0.51382,-0.23976,0.18711,-0.20657,0.22107,-0.21497,0.30659,-3.2183,9.8553,-2.8768,-6.0061,0.54121,1.6936,-0.27616,2.6766,0.82271,3.9428,1.8757,-8.9716,-23.355,-4.4505,-1.1617,4.8176,26.858,-5.2517,19.648,-15.822,0.10352,13.365,-1.652,-6.1804,0.4257,0.044807,0.10762,-0.069494,0.14149,0.086197,0.0044663,-0.021723,0.10928,-0.26762,0.11239,0.14478,27,27,13256,10,1009.4
38.184,0.0016759,0.0098913,13261,0.019225,9.3233,-0.049278,0.15514,-3.1247,2.9634,4.2232,0,0,0,99.775,0,0,0,0.03872,0.29545,-0.0047684,0.023461,-0.096917,0.21105,-0.22221,0.18978,-0.21077,0.3172,-0.20852,-0.017928,-6.5919,7.2446,-3.258,-1.5873,10.557,-13.958,1.3567,-0.20297,-0.41595,4.9095,1.5438,-14.084,-2.1643,-18.308,2.6231,21.398,16.886,-1.8196,12.356,-22.166,2.1637,2.7048,-2.6256,6.3457,0.57596,0.073548,-0.16654,-0.056017,0.16616,0.31364,-0.28835,0.10983,0.027459,-0.19257,0.044471,-0.046323,27,27,13263,10,1009.4
38.207,0.0012595,0.011328,13270,0.022429,11.636,-0.03527,0.20005,-0.51533,1.5094,3.7292,0,0,0,99.777,0,0,0,-0.13485,0.3336,-0.027657,0.071527,0.17092,-0.10228,-0.15354,0.095178,-0.20657,0.4118,-0.15146,0.016937,-6.7446,-0.99075,-0.0088305,2.2573,2.8585,-6.6306,3.3463,-4.8315,0.92817,3.4076,3.6159,7.7829,15.569,-29.19,16.243,21.639,38.316,17.593,0.48872,-0.22095,0.28755,-2.2395,9.1151,12.349,0.44936,0.19986,-0.26331,-0.02076,0.68405,0.28624,-0.21267,0.23499,-0.074308,0.15613,0.0065802,-0.23286,27,27,13272,10,1009.4
